Judul,Topik 1,Topik 2,Topik 3,Cluster
Pengembangan Game Edukasi 2 Dimensi Untuk Materi Struktur Dasar Algoritma Pemrograman Pada SMK Kelas X,0.0014103767395378943,0.0014026637337665772,0.9971869595266954,2
Pengembangan Media Pembelajaran Sistem Bilangan menggunakan Augmented Reality Berbasis Android untuk SMK ,0.00104846900196401,0.0010417319956252395,0.9979097990024107,2
PENGARUH MEDIA PEMBELAJARAN E-LEARNING BERBASIS MOODLE TERHADAP HASIL BELAJAR SISWA PADA MATERI JAVASCRIPT KELAS X TKJ SMK NEGERI 1 LABANG,0.9961342811210665,0.0019370568242128591,0.0019286620547207655,1
PROFIL BERPIKIR KRITIS SISWA KELAS X TKJ DITINJAU DARI KEMAMPUAN AWAL SISWA MATERI STRUKTUR KONTROL PERCABANGAN DI SMKN 3 BANGKALAN,0.9939680626029387,0.0030064248309822944,0.0030255125660790367,1
PENGEMBANGAN GAME EDUKASI 3D STRUKTUR ALGORITMA PEMROGRAMAN MENGGUNAKAN UNITY BERBASIS ANDROID SEBAGAI MEDIA PEMBELAJARAN PEMROGRAMAN DASAR DI SMK BAHRUL ULUM SURABAYA,0.0017623375466864126,0.00175400015538809,0.9964836622979255,2
PENGEMBANGAN SISTEM PENCARIAN INFORMASI BUKU BERBASIS WEB MENGGUNAKAN MOVING CONTRACTING WINDOW PATTERN ALGORITHM,0.0020067316646936186,0.6314167562318219,0.3665765121034845,0
PENGEMBANGAN MEDIA PEMBELAJARAN TRAINER KOMPUTER DALAM MATA PELAJARAN PRODUKTIF MATERI PERAKITAN  KOMPUTER DI SMKN 1 SEPULU,0.759193509497683,0.0015655540375670155,0.23924093646474975,1
Pengembangan Game Educative Berbasis Android Untuk pada Mata Pelajaran Matematika Materi Bangun Ruang Untuk Siswa Sekolah Dasar,0.001523981357896679,0.5686973415141842,0.4297786771279192,0
PENGEMBANGAN MEDIA PEMBELAJARAN E-LEARNING BERBASIS WEB UNTUK SISWA KELAS X TEKNIK KOMPUTER DAN JARINGAN ,0.001802519228491763,0.0017905557247612513,0.996406925046747,2
Pengaruh penerapan Sublime Text 3 terhadap minat belajar siswa pada mata pelajaran pemrograman web bahasan Style halaman web kelas X TJK di SMK Al â hikam,0.9970547931784896,0.0014754006990559533,0.0014698061224543832,1
PENGEMBANGAN MEDIA PEMBELAJARAN PERAKITAN KOMPUTER BERBASIS AUGMENTED REALITY,0.0013555143178516254,0.0013485312232572242,0.9972959544588911,2
PENGARUH METODE SIMULASI BERBANTU MEDIA VMWARE TERHADAP HASIL BELAJAR PADA MATERI INSTALASI SISTEM OPERASI LINUX DI KELAS X SMKN 1 LABANG,0.9971646920256169,0.0014173047508299697,0.0014180032235532436,1
Aplikasi Kamus Pemrograman Mobile Menggunakan Metode Term Frequency Inverse Document Frequency (TF-IDF) untuk Smartphone Android,0.001240655593584307,0.0012325268641871668,0.9975268175422286,2
PENGEMBANGAN MEDIA PEMBELAJARAN GAME EDUKATIF BERBASIS RPG PADA MATERI ALGORITMA PEMROGRAMAN DI SMK NURUL AMANAH,0.0015952395963943294,0.0015890858461858424,0.9968156745574199,2
PENGEMBANGAN MEDIA PEMBELAJARAN GAME EDUKASI BERBASIS FLASH PADA MATA PELAJARAN MERAKIT KOMPUTER UNTUK KELAS X TKJ DI SMKN 1 KAMAL,0.04792762145407983,0.0017078718972748526,0.9503645066486454,2
Pengaruh Model Pembelajaran berbasis Proyek Terhadap Hasil Belajar SIswa kelas Xi pada Mata Pelajaran Keterampilan Komputer dan Pengelolaan Informasi di SMK Siding Puri Sumenep,0.9939657409785747,0.0030207501566521058,0.003013508864773277,1
PENGEMBANGAN SISTEM INFORMASI MONITORING SISWA BERBASIS WEB UNTUK MEMONITORING KEGIATAN SISWA DI SMK NEGERI 1 KAMAL,0.09047496295384798,0.0014092086293194179,0.9081158284168326,2
PENGEMBANGAN MEDIA SIMULASI INSTALASI SISTEM OPERASI MENGGUNAKAN UNITY DI SMK AL-HIKAM BURNEH,0.3436835546621088,0.0020441552133180084,0.6542722901245732,2
Pengaruh Model Problem Based Learning Terhadap Motivasi Belajar Siswa Kelas X TKJ Pada Materi Pengantar Subnetting Jaringan Komputer di SMK Agung Mulia,0.9967167357681734,0.0016472861788053637,0.0016359780530211536,1
PENGEMBANGAN MEDIA E-BOOK MENGGUNAKAN FLIPBOOK MAKER BERBASIS WEB PADA MATA PELAJARAN PERAKITAN KOMPUTER KELAS X TKJ DI SMK AGUNG MULIA BANGKALAN,0.0014724086360749444,0.0014621816181442982,0.9970654097457807,2
EFEKTIVITAS MODEL PROJECT BASED LEARNING PADA MATERI CASCADING STYLE SHEET (CSS) KELAS X,0.29265094852803253,0.7056976012006522,0.001651450271315303,0
Pengembangan Aplikasi M-Learning Berbasis Android Menggunakan Unity Pada Materi Jaringan LAN Untuk Siswa Kelas XI TKJ Di SMKN 2 Lamongan.,0.001685640773750201,0.0016832576553913404,0.9966311015708585,2
PENGEMBANGAN SISTEM INFORMASI PERPUSTAKAAN BERBASIS WEB MENGGUNAKAN BARCODE SCANNER DI MAN BANGKALAN,0.0018457414022344022,0.0018347108577464529,0.9963195477400191,2
"PENGARUH PEMBELAJARAN MENGGUNAKAN MEDIA 
E-LEARNING BERBASIS WEB (GNOMIO) TERHADAP HASIL BELAJAR SISWA PADA MATA PELAJARAN PERAKITAN KOMPUTER DI KELAS X RPL SMKN 2 BANGKALAN",0.9973917632222744,0.001306934605575259,0.0013013021721504049,1
PENGARUH METODE PEMBELAJARAN ARTIKULASI TERHADAP HASIL BELAJAR SISWA PADA MATA PELAJARAN JARINGAN DASAR KELAS X RPL DI SMK NEGERI 2 BANGKALAN,0.9240789699397922,0.001730375947331099,0.07419065411287656,1
PENGARUH MODEL PEMBELAJARAN DISCOVERY LEARNING  TERHADAP  HASIL BELAJAR SISTEM KOMPUTER SISWA KELAS X SMK AL-HIKAM,0.9972261080989073,0.0013918904461476,0.0013820014549450104,1
PENGARUH MODEL PEMBELAJARAN PROBLEM BASED LEARNING TERHADAP HASIL BELAJAR SISWA PADA MATA PELAJARAN PERAKITAN KOMPUTER DI SMKN 2 BANGKALAN,0.996717147316857,0.0016484685944360559,0.0016343840887069546,1
PENGEMBANGAN MEDIA PEMBELAJARAN BERBASIS AUGMENTED REALITY PADA MATERI PENGENALAN KOMPONEN ELEKTRONIKA di KELAS X JURUSAN TKJ di SMKS IBNU CHOLIL BANGKALAN,0.0013170264774264356,0.0013101674130931605,0.9973728061094803,2
PENGEMBANGAN SISTEM INFORMASI ABSENSI SISWA BERBASIS JAVA DESKTOP DI SMA DARUL KHOLIL BANGKALAN,0.001308929685477426,0.001304752154907188,0.9973863181596153,2
PENGARUH MODEL PEMBELAJARAN KOOPERATIF METODE TIME TOKEN PADA MATERI STRUKTUR SISTEM OPERASI OPEN SOURCE TERHADAP HASIL BELAJAR SISWA,0.40217504058839865,0.5102611909701484,0.08756376844145293,0
Pengaruh Metode Pembelajaran Probing Promting Terhadap Hasil Belajar Kognitif Siswa Kelas X TKI Pada Materi Instalasi Sistem Operasi Open-source Di SMKN 1 Sumenep.,0.9969608650850177,0.0015255228141363292,0.0015136121008459508,1
Pengaruh Pembelajaran Menggunakan Media Vmware Workstation Terhadap Hasil Belajar Siswa Materi Pelajaran Instalasi  Sistem Operasi Smk Al-Hikam Bangkalan.,0.9972511620355461,0.0013759219029949611,0.001372916061458979,1
PENGARUH MODEL PEMBELAJARAN COOPERATIVE LEARNING TIPE SNOWBALL THROWING TERHADAP HASIL BELAJAR SISTEM OPERASI SISWA KELAS X SMKN 1 KAMAL,0.9973483979594715,0.0013262938609081845,0.001325308179620201,1
EFEKTIVITAS MODEL PEMBELAJARAN PROJECT BASED LEARNING PADA MATA PELAJARAN PEMROGRAMAN DASAR DI SMKN 1 SUMENEP,0.9980270287579729,0.0009870086631885526,0.0009859625788385675,1
"Pengaruh Media Aplikasi VirtualBox Terhadap
Hasil Belajar Kognitif Siswa Pada Materi Proxy Server Kelas XI TKJ SMK ALHIKAM.
",0.9971302047310454,0.001436899497035794,0.0014328957719186414,1
PENGARUH MODEL PEMBELAJARAN PROBLEM BASED LEARNING (PBL) TERHADAP HASIL BELAJAR SISWA PADA MATERI INSTALASI PROGRAM APLIKASI DI SMKN 1 KAMAL,0.9963240568338849,0.001847192858099431,0.0018287503080157172,1
"PROSES BERPIKIR KREATIF SISWA PADA MATERI
PERKEMBANGAN SISTEM OPERASI DITINJAU DARI
KEMAMPUAN AWAL SISWA",0.982128482274632,0.0017098110648682819,0.016161706660499695,1
PENGARUH METODE PROBLEM SOLVING MENGGUNAKAN MEDIA PEMBELAJARAN CBI (COMPUTER BASED INSTRUCTION) TERHADAP HASIL BELAJAR DESAIN GRAFIS DI SMK AGUNG MULIA,0.9978393534379166,0.001083852262350149,0.0010767942997333094,1
"PENERAPAN SISTEM INFORMASI MANAJEMEN BERKAS BERBASIS WEB MENGGUNAKAN OWNCLOUD DI SMK NEGERI 1 KAMAL
",0.0016377015684757752,0.0016351173079402184,0.996727181123584,2
PENGARUH BIMBINGAN KARIER TERHADAP KONSEP DIRI KE ARAH KARIER SISWA SMK NEGERI 1 KAMAL TAHUN AJARAN 2016/2017,0.9971048406705171,0.0014437699263299833,0.0014513894031530589,1
Pengembangan Media Pembelajaran berbasis web menggunakan program Adobe Dreamweaver CS3 pada mata pelajaran BTA(Baca Tulis Al-Quran) untuk siswa kelas X SMK Agung Mulia Socah Bangkalan,0.0010782318242300401,0.0010628102851618659,0.9978589578906081,2
PENGARUH MODEL PEMBELAJARAN PROJECT BASED LEARNING TERHADAP KEMAMPUAN BERFIKIR KREATIF SISWA DALAM MATERI PEMBUATAN OBJEK PADA APLIKASI ANIMASI 2D KELAS X MULTIMEDIA SMK HASYIM ASYâARI ,0.9978901809125262,0.0010530550015183957,0.00105676408595536,1
Sistem Informasi Penerimaan Peserta Didik Baru Berbasis Web dan Mobile Di SMA Darul Kholil Bangkalan,0.0012852015491653021,0.6879990416795833,0.3107157567712514,0
Identifikasi Kemampuan Berpikir Kritis Siswa Kelas X TKJ Ditinjau dari Kemampuan Awal dan Jenis Kelamin Siswa Di SMKN 1 Kamal,0.9961457805946691,0.0019237789321716815,0.0019304404731592059,1
PENGARUH PEMBELAJARAN MENGGUNAKAN MEDIA PACKET TRACER TERHADAP HASIL BELAJAR SISWA PADA MATERI JARINGAN KOMPUTER KELAS X TKJ SMK AGUNG MULIA SOCAH,0.9979720414966017,0.0010154855126712568,0.0010124729907269234,1
EFEKTIVITAS MODEL PEMBELAJARAN KOOPERATIF TIPE COURSE REVIEW HORAY PADA MATERI PENGANTAR ORGANISASI DAN ARSITEKTUR KOMPUTER DI KELAS X TKJ SMKN 1 AROSBAYA ,0.9959641589694398,0.00202083931978556,0.002015001710774598,1
PENGEMBANGAN MEDIA PEMBELAJARAN PERANGKAT JARINGAN DENGAN MENGGUNAKAN AUGMENTED REALITY  PADA MATA PELAJARAN JARINGAN DASAR DI SMK NURUL AMANAH BANGKALAN,0.07994720273430946,0.25940138671021895,0.6606514105554716,2
PENGARUH METODE PEMBELAJARAN SCRAMBLE TERHADAP HASIL BELAJAR SISWA PADA MATA PELAJARAN PEMROGRAMAN DASAR KELAS X TKJ SMK AL-HIKAM,0.998232936534278,0.0008825109509492761,0.0008845525147726761,1
Pengaruh Pembelajaran Menggunakan Media    Virtualbox Terhadap Hasil Belajar Siswa Materi Instalasi Sistem Operasi Metode Clean Install Kelas X Tkj (Penelitian Di Smk Nurul Amanah),0.9972473695347248,0.0013777763128928506,0.0013748541523821627,1
PENGARUH MODEL PROJECT BASED LEARNING TERHADAP HASIL BELAJAR SISWA PADA MATA PELAJARAN SIMULASI DIGITAL DI SMK NURUL AMANAH,0.996269935377277,0.0018764778409716388,0.0018535867817513227,1
Pengaruh metode pembelajaran kooperatif tipe numbered head together terhadap hasil belajar siswa pada mata pelajaran pemograman dasar di SMKN 2 Bangkalan,0.9970214865190081,0.0014988368034098388,0.0014796766775819915,1
Pengaruh Pembelajaran Melibatkan Self Efficacy dengan Teknik PQRST Terhadap Hasil Belajar Siswa pada Materi Instalasi Sistem Operasi,0.9969925993488925,0.0015089943127905578,0.001498406338316849,1
PENGARUH MODEL PEMBELAJARAN KOOPERATIF TIPE TGT (TEAM GAMES TOURNAMENT) PADA MATERI PROTOKOL JARINGAN  TERHADAP HASIL BELAJAR SISWA KELAS X RPL SMK NEGERI 1 KAMAL,0.0012741754656620122,0.9974644374971874,0.001261387037150536,0
Pengembangan Media Pembelajaran Game Edukasi Konversi Bilangan Menggunakan Unity 3D Berbasis Android Di SMK Al-Hikam Bangkalan,0.0017272678761295795,0.0017125248560651526,0.9965602072678053,2
PENGEMBANGAN MEDIA PEMBELAJARAN PENGENALAN JARINGAN UNTUK KELAS XI TKJ DI SMKN 1 KAMAL MENGGUNAKAN UNITY 3D,0.41048909730898614,0.002900529242570318,0.5866103734484435,2
Efektivitas Metode Belajar Tutor Sebaya Pada Materi Aplikasi Jaringan Pada Sistem Operasi â operasi Komputer di Kelas X TKJ SMK Nurul Amanah,0.2858373768422121,0.6335090165793443,0.0806536065784436,0
Analisis Minat Belajar Siswa Berdasarkan Gaya Belajar di SMK Negeri 1 Labang Kabupaten Bangkalan,0.9964720722338509,0.0017698377393298998,0.0017580900268192009,1
Analisis Motivasi Belajar Siswa Pada Materi Instalasi Pengujian Pheriperal Ditinjau Dari Kepribadian Siswa Di SMK Negeri 1 arosbaya,0.9966446199322889,0.001675316041628335,0.0016800640260827982,1
"PENGEMBANGAN MOBILE LEARNING BERBASIS ANDROID PADA MATA PELAJARAN JARINGAN DASAR KELAS X JURUSAN TKJ
(STUDI KASUS: SMK NEGERI 1 LABANG)",0.00164910733643856,0.14401146772320714,0.8543394249403543,2
"PENGEMBANGAN SISTEM INFORMASI RAPOR ONLINE BERBASIS WEB MENGGUNAKAN FRAMEWORK CODEIGNITER
(STUDI KASUS: SMP NEGERI 3 KAMAL)",0.0013623986140309551,0.001356374797049066,0.9972812265889199,2
PENGEMBANGAN SISTEM INFORMASI BIMBINGAN DAN KONSELING BERBASIS WEB DI SMK NEGERI 2 BANGKALAN,0.001455839748573868,0.001443777825004166,0.9971003824264221,2
Pengembangan Sistem Informasi Penerimaan Siswa Baru Berbasis Web di SMA 1 Annuqayah Sumenep,0.0015848118132994647,0.0015785647902491979,0.9968366233964514,2
PENGARUH MODEL PEMBELAJARAN KOOPERATIF TIPE JIGSAW TERHADAP HASIL BELAJAR SISWA PADA MATERI SISTEM OPERASI KELAS X TKJ SMK NURUL AMANAH BANGKALAN,0.9971576437877904,0.0014263754685808,0.0014159807436289593,1
Pengembangan Media Pembelajaran Jaringan Dasar Berbasis Android Untuk Kelas X TKJ Di SMKN 1 Arosbaya,0.5864531433368804,0.0014631235395735748,0.41208373312354596,1
Pengaruh Model Pembelajaran Kooperatif Tipe Snowball Throwing Terhadap Gaya Belajar Siswa Pada Mata Pelajaran Struktur Sistem Operasi Open Source ,0.9951707704460421,0.0024225028892491847,0.0024067266647086845,1
PENGEMBANGAN MEDIA PEMBELAJARAN SIMULASI INSTALASI SISTEM OPERASI LINUX DEBIAN 8 MENGGUNAKAN ADOBE FLASH CS6 DI SMK NEGERI 1 LABANG,0.5095174862330023,0.0015699638420967818,0.4889125499249011,1
"PENGEMBANGAN SISTEM INFORMASI AKADEMIK 
BERBASIS WEB DENGAN FRAMEWORK CODEIGNITER DI 
SMK NEGERI 1 WONOASRI MADIUN",0.0015120858292305111,0.0015084931627398768,0.9969794210080296,2
Pengaruh Model Pembelajaran Project Based Learning Terhadap Hasil Belajar Siswa Kelas X Pada Mata Pelajaran Perakitan Pc Di SMKN 1 Arosbaya   ,0.9962351340738994,0.0018868810363045726,0.0018779848897960672,1
PENGARUH STRATEGI PEMBELAJARAN CTL (CONTEXTUAL TEACHING AND LEARNING) TERHADAP HASIL BELAJAR SISWA MATA PELAJARAN KKPI MATERI MICROSOFT ACCESS KELAS XI TKJ SMK NURUL AMANAH,0.9964283739315746,0.0017962112723478843,0.001775414796077452,1
Pengembangan Media Pembelajaran Berbasis Game Edukasi Menggunakan Unity pada Materi Jaringan Komputer untuk Kelas XI TKJ di SMKN 1 Kamal,0.0024044225996432624,0.00240225747523824,0.9951933199251184,2
Pengembangan Sistem Informasi Perpustakaan Berbasis Java Gui Di Smks Ibnu Cholil Bangkalan,0.0014434846749953063,0.0014313733812296562,0.9971251419437751,2
PENGEMBANGAN MEDIA PEMBELAJARAN MULTIMEDIA 3 DIMENSI (3D) UNTUK MATERI PENCARIAN KESALAHAN DASAR PADA KOMPUTER DI SMK NEGERI 1 AROSBAYA,0.0022394260170602947,0.0022215296287933306,0.9955390443541464,2
EFEKTIVITAS PENERAPAN MODEL PEMBELAJARAN PROBLEM BASED INTRUCTION PADA MATERI CASCADING STYLE SHEET KELAS X-TKJ DI SMK NEGERI 1 LABANG,0.9963645227944189,0.0018250851718796608,0.0018103920337013662,1
Pengaruh Media Pembelajaran Visual Grafis Mind Mapping Terhadap Hasil Belajar Siswa pada Mata Pelajaran Sistem Operasi Kelas X TKJ di SMKN 1 Arosbaya,0.9967471127919585,0.0016294423579569907,0.0016234448500845246,1
PENGARUH MODEL INQUIRY TRAINING TERHADAP HASIL BELAJAR SISWA MATERI APLIKASI JARINGAN PADA SISTEM OPERASI KOMPUTER KELAS X TKJ DI SMK NURUL AMANAH BANGKALAN ,0.9967457609274244,0.0016322259621799114,0.0016220131103956892,1
PENGARUH PEMBELAJARAN BERBASIS INKUIRI DILENGKAPI PANDUAN PRAKTIKUM PADA MATERI INSTALASI SISTEM OPERASI BERBASIS TEXT TERHADAP HASIL BELAJAR ,0.9974289105091175,0.0012891085330360068,0.0012819809578464502,1
"
PENGEMBANGAN MEDIA PEMBELAJARAN MOBILE LEARNING BERBASIS ANDROID MATA PELAJARAN FISIKA KELAS X DI SMK NEGERI 1 KAMAL
",0.012197642186920429,0.001807640427441325,0.9859947173856382,2
MOTIVASI BELAJAR SISWA KELAS XI RPL PADA MATERI PERULANGAN DI SEKOLAH YANG MENERAPKAN FULL DAY SCHOOL (STDI KASUS SMKN 3PAMEKASAN),0.9974314215712129,0.001284896332903831,0.0012836820958833151,1
"PENGARUH MODEL PEMBELAJARAN CREATIVE PROBLEM SOLVING (CPS) TERHADAP HASIL BELAJAR KOGNITIF SISWA PADA MATERI PROTOKOL JARINGAN DI SMKS AL-HIKAM BANGKALAN
",0.9105032095229575,0.0012207991421443515,0.0882759913348982,1
PENGARUH METODE PEMBELAJARAN SIMULASI TERHADAP HASIL BELAJAR KOGNITIF SISWA KELAS X MATERI INSTALASI SISTEM OPERASI DI SMK NEGERI 1 AROSBAYA BANGKALAN,0.9971719736449602,0.0014185451747002213,0.00140948118033957,1
Pengaruh Pembelajaran Menggunakan Media Aplikasi Cisco IT Essential Virtual Desktop dalam Mata Pelajaran Perakitan Komputer Terhadap Hasil Belajar Siswa SMA Khairul Ulum,0.9976527538960382,0.0011681396975892794,0.0011791064063723866,1
Pengembangan Sistem Informasi Perpustakaan Berbasis Java Graphical User Interface di SMP Negeri 1 Sumenep,0.001731079243263479,0.001726221819087979,0.9965426989376486,2
Pengembangan Media Pembelajaran Multimedia Interaktif Menggunakan Unity Pada Materi TCP/IP Kelas XI TKJ Di SMKS Agung Mulia Bangkalan,0.001232943267546726,0.0012255798825063684,0.997541476849947,2
Pengaruh Strategi CTL (Contextual Teaching And Learning) Menggunakan Metode Pembelajaran Eksperimen Terhadap Hasil Belajar Siswa Kelas X Dalam Mata Pelajaran Perakitan Komputer,0.9967717133514628,0.0016186986802579502,0.0016095879682793462,1
Pengembangan MOOC (Massive Open Online Course) Materi Setting Jaringan Menggunakan Mikrotik,0.0018304938421140051,0.0018114740252821563,0.9963580321326038,2
PENGEMBANGAN MULTIMEDIA PEMBELAJARAN INTERAKTIF BERBASIS ANDROID MATA PELAJARAN PEMROGRAMAN WEB DASAR UNTUK SISWA SMK NEGERI 1 LABANG,0.0010284845905761699,0.0010218637061252052,0.9979496517032986,2
"Pengembangan sistem informasi manajemen bimbingan dan konseling berbasis android di smkn 1 badegan ponorogo
",0.0017756823455022522,0.001771086113860338,0.9964532315406375,2
PENGEMBANGAN MEDIA PEMBELAJARAN PENGENALAN HARDWARE KOMPUTER MENGGUNAKAN TEKNOLOGI AUGMENTED REALITY BERBASIS UNITY UNTUK SISWA KELAS X TKJ SMK,0.0011739250060313886,0.001165777859300503,0.9976602971346681,2
Pengembangan media pembelajaran animasi 3 dimensi dengan augmented reality pada keahlian dalam merakit laptop di smkn 1 labang,0.5791820154221338,0.0021694635648663997,0.4186485210129998,1
Pengembangan Sistem Informasi Pengolah Rapor Berbasis Web Kurikulum 2013 di SMK Al Hikam Bangkalan,0.002376602355124211,0.0023689213261753,0.9952544763187005,2
"PENGEMBANGAN AUGMENTED REALITY PROTOKOL JARINGAN MENGGUNAKAN UNITY 3D DI SMK PGRI 1 BANGKALAN
",0.002143009960687867,0.002152463545476608,0.9957045264938355,2
"ANALISIS KESULITAN BELAJAR 
DITINJAU DARI KEMAMPUAN AWAL PESERTA DIDIK DI 
SEKOLAH PADA MATA PELAJARAN SISTEM KOMPUTER 
(Studi Kasus Pada Peserta Didik Kelas X SMK PGRI I Bangkalan)",0.0012744993008308716,0.9974529944223318,0.0012725062768373138,0
PENGEMBNGAN GAME EDUKSI 2D UNTUK MATERI PERIFERAL KOMPUTER PADA KELAS X TKJ DI SMK PGRI 1 BANGKALAN MENGGUNAKAN UNITY,0.0012224608817851884,0.001213673155469886,0.9975638659627448,2
Pengaruh Strategi Pembelajaran Mind Map Terhadap Hasil Belajar Siswa Pada Materi Prosedur Instalasi Peripheral Kelas X TKJ Putri SMK Agung Mulia,0.9978340512901065,0.0010872365747930436,0.0010787121351003906,1
PENGEMBANGAN MEDIA PEMBELAJARAN TRAINER KOMPUTER âSILATâ DALAM MATA PELAJARAN PRODUKTIF MATERI PERAKITAN KOMPUTER PADA KELAS X TKJ  SMKN 1 KWANYAR ,0.6494286554251945,0.0012393505672101256,0.3493319940075954,1
"PENGARUH MODEL PEMBELAJARAN KOOPERATIF TEKNIK CHANGE OF PAIRS MENGGUNAKAN MEDIA AUGMENTED REALITY PADA MATERI PERANGKAT KERAS JARINGAN TERHADAP HASIL BELAJAR SISWA KELAS X 
SMKN 1 KWANYAR.
",0.9563669427793966,0.04215688697629642,0.001476170244307004,1
Profil Berpikir Kreatif Siswa Kelas X TKJ Ditinjau Dari Gaya Kognitif Field Independent (FI) dan Field Dependent (FD) Pada Materi Perangkat Lunak Pengolah Gambar Bitmap Di SMKN 2 Bangkalan,0.0008807170303541865,0.0008700070175431927,0.9982492759521027,2
PENGEMBANGAN MEDIA PEMBELAJARAN MENGGUNAKAN TRAINER KIT PADA MATA PELAJARAN ELEKTRONIKA ANALOG DAN DIGITAL UNTUK KELAS X TEKNIK KOMPUTER DAN JARINGAN,0.0011453076155199854,0.0011378141458758756,0.9977168782386041,2
PENGEMBANGAN MEDIA PEMBELAJARAN AUGMENTED REALITY UNTUK MATERI DINAMIKA DI PRODI PENDIDIKAN INFORMATIKA,0.0026994211236470267,0.0026986334791544494,0.9946019453971985,2
"PENGARUH MODEL PEMBELAJARAN KOOPERATIF TIPE
SNOWBALL THROWING TERHADAP MOTIVASI BELAJAR SISWA KELAS X TKJ PADA MATERI PENGANTAR ORGANISASI DAN ARSITEKTUR KOMPUTER  

",0.8038889431668559,0.19474273604698536,0.0013683207861588233,1
"PENGEMBANGAN
MEDIA PEMBELAJARAN PENGENALAN KOMPONEN KOMPUTER BERBASIS AUGMENTED REALITY DI SMK AL-MUHAJIRIN AROSBAYA

",0.0011275312871981624,0.0011205051419872875,0.9977519635708145,2
"PENGARUH MODEL PEMBELAJARAN INKUIRI TERHADAP HASIL BELAJAR KOGNITIF DAN PSIKOMOTORIK SISWA PADA MATERI STRUKTUR PERULANGAN KELAS X SMK TKJ 
(Penelitian di SMK Negeri 1 Kwanyar)",0.9972352627645054,0.0013880045393366278,0.0013767326961580827,1
SISTEM INFORMASI PENJAMINAN MUTU PENDIDIKAN INFORMATIKA BERBASIS WEB,0.0015122729479634341,0.0015069737407305487,0.996980753311306,2
PENGEMBANGAN APLIKASI SISTEM PAKAR SEBAGAI MEDIA PEMBELAJARAN PADA MATA PELAJARAN PERAKITAN KOMPUTER DI SMKN 1 KWANYAR,0.5058172625548056,0.0016223468560767238,0.49256039058911766,1
Pengaruh Model Pembelajaran Kooperatif Tipe Inside Outside Circle Terhadap Minat Belajar Siswa Kelas X TKJ pada Materi Buku Digital,0.14640843313988683,0.8518325423798748,0.0017590244802382898,0
PENGARUH MODEL PEMBELAJARAN KOOPERATIF TIPE MAKE A MATCH MENGGUNAKAN MEDIA  CISCO PACKET TRACER TERHADAP HASIL BELAJAR KOGNITIF PADA MATERI PENGALAMATAN IP KELAS X TKJ SMKN 1 AROSBAYA,0.9967580830572862,0.0016244210532915452,0.0016174958894222186,1
SISTEM INFORMASI LABORATORIUM PENDIDIKAN INFORMATIKA (SILABPIF),0.001778479475944882,0.0017842026126826587,0.9964373179113725,2
PENGARUH MODEL PEMBELAJARAN KOOPERATIF TIPE PICTURE AND PICTURE TERHADAP HASIL BELAJAR KOGNITIF DAN PSIKOMOTORIK SISWA PADA MATERI JARINGAN LOKAL KELAS X SMK,0.9973853826159647,0.0013146197922645174,0.0012999975917707422,1
"IDENTIFIKASI KEMAMPUAN PENALARAN SISWA DALAM
PEMECAHAN MASALAH DITINJAU DARI KEMAMPUAN
AWAL MATERI RANGKAIAN DECODER DAN ENCODER",0.9963810201392864,0.0018037407822207746,0.0018152390784929326,1
PENGEMBANGAN GAME EDUKASI BERBASIS ANDROID PADA MATERI SISTEM DIGITAL DAN KONVERSI BILANGAN DI PROGRAM STUDI PENDIDIKAN INFORMATIKA,0.0018361006147638065,0.001828042791493724,0.9963358565937425,2
Pengembangan Sistem Koreksi Soal Essay Otomatis Berbasis Web Menggunakan Metode Cosine Similarity (Studi Kasus SMKN 1 Labang),0.9964806652584706,0.0017572858869811516,0.0017620488545483318,1
PENGEMBANGAN MEDIA PEMBELAJARAN AUGMENTED REALITY BERBASIS ANDROID PADA MATERI JENIS JARINGAN KOMPUTER UNTUK MAHASISWA PRODI PENDIDIKAN INFORMATIKA,0.0014092772409876662,0.0014018041146687328,0.9971889186443437,2
"PENGARUH STRATEGI PEMBELAJARAN AKTIF DENGAN METODE CARD SORT TERHADAP HASIL BELAJAR SISWA PADA MATA PELAJARAN KOMPUTER DAN JARINGAN DASAR 
KELAS X TKJ DI SMK AL-HIKAM
",0.9970758266233236,0.001468389699418353,0.0014557836772580255,1
"PENGARUH MODEL PEMBELAJARAN KOOPERATIF TIPE INSIDE-OUTSIDE CIRCLE (IOC) TERHADAP HASIL BELAJAR SISWA KELAS X TKJ PADA MATA PELAJARAN SIMULASI DIGITAL DI SMK 
AL-HIKAM BANGKALAN
",0.8744542258994743,0.12419847055849323,0.0013473035420325866,1
Pengaruh Model Pembelajaran Kooperatif Tipe Pair Checks Terhadap Minat Belajar Siswa Kelas X RPL Pada Materi Presentasi Video Tahapan Pasca Produksi,0.9970115355103703,0.0015025847569837185,0.0014858797326458863,1
PENGARUH MODEL PEMBELAJARAN WORK BASED LEARNING TERHADAP HASIL BELAJAR PSIKOMOTORIK SISWA PADA MATA PELAJARAN DESAIN GRAFIS  KELAS X SMK,0.0018765882859740567,0.9962655710062769,0.0018578407077489948,0
Analisis Miskonsepsi Ditinjau Dari Kemampuan Awal Materi Kebutuhan Beban/ Bandwidth Jaringan Siswa Kelas XI TKJ Di SMKN 3 Bangkalan,0.640264433728224,0.357821441766574,0.0019141245052021049,1
PENGARUH MODEL PEMBELAJARAN KOOPERATIF TIPE TEAM GAMES TOURNAMENT (TGT) TERHADAP MINAT DAN HASIL BELAJAR KOGNITIF SISWA KELAS X SMK PADA MATERI SUBNETTING,0.7311257453463804,0.26766986075856986,0.0012043938950497878,1
PENGARUH MODEL PEMBELAJARAN KOOPERATIF METODE EVERYONE IS A TEACHER HERE TERHADAP HASIL BELAJAR KOGNITIF SISWA PADA MATERI JARINGAN LAN,0.9972293927212899,0.0013926362395668779,0.0013779710391434118,1
"ANALISIS TINGKAT MISKONSEPSI SISWA DITINJAU DARI GAYA BELAJAR V-A-K KELAS X RPL PADA MATERI ALGORITMA PEMROGRAMAN
DI SMK PUTRA BANGSA
",0.3464193236981671,0.0014946578204760737,0.6520860184813567,2
"IDENTIFIKASI KEMAMPUAN BERPIKIR KREATIF SISWA DITINJAU DARI MINAT SISWA PADA MATERI OPERASI LOGIKA ARIMATIK (HALF-FULL ADDER, RIPPLE CARRY ADDER) kelas X TKJ SMK PGRI 1 Bangkalan
",0.0016974635497522042,0.9966162749275929,0.0016862615226549526,0
PENGARUH MODEL QUANTUM LEARNING DENGAN KONSEP TANDUR TERHADAP HASIL BELAJAR KOGNITIF SISWA PADA MATA PELAJARAN SISTEM KOMPUTER KELAS X TKJ DI SMK NEGERI 1 LABANG,0.9970277547254774,0.0014944703993143484,0.0014777748752081911,1
"PENGARUH MODEL PEMBELAJARAN KOOPERATIF TIPE  
MAKE A MATCH BERBANTUAN MEDIA FLASHCARD PADA MATERI TROUBLESHOOTING KOMPUTER TERHADAP HASIL BELAJAR SISWA KELAS X TKJ 
(Penelitian di SMK AGUNG MULIA)
",0.9972233704242062,0.0013909189425972425,0.0013857106331966252,1
PENGEMBANGAN GAME EDUKASI BERBASIS ANDROID DENGAN MENGGUNAKAN SOFTWARE UNITY PADA MATERI PENGENALAN NAMA BUAH DALAM BAHASA INGGRIS,0.0017196888512259726,0.0017057742877679431,0.996574536861006,2
PENGEMBANGAN KAMUS PEMROGRAMAN C++ BERBASIS ANDROID DENGAN METODE SEQUENTIAL SEARCH,0.001761541627494458,0.0017567335503961112,0.9964817248221095,2
Pengembangan Game Edukasi Berbasis Android Pada Materi Rantai Makanan Untuk Siswa Kelas V ,0.6416627711058691,0.0014554442292608726,0.35688178466487,1
Pengaruh Model Pembelajaran Kooperatif dengan Metode Guide Note Taking terhadap Hasil Belajar pada Mata Pelajaran Pemrograman Dasar Kelas X RPL di SMK Negeri 2 Bangkalan,0.001242039586791681,0.9975190325104434,0.001238927902764936,0
"PENGEMBANGAN GAME EDUKASI BERBASIS ANDROID MENGGUNAKAN UNITY PADA MATERI PENGENALAN 
NAMA HEWAN DALAM BAHASA INGGRIS 
UNTUK SEKOLAH DASAR 
",0.5464682042545921,0.0016059071365804216,0.45192588860882743,1
Pengaruh Model Pembelajaran Cooperative Script Terhadap Motivasi Belajar Siswa Pada Materi Struktur Percabangan Kelas X Di SMKN 2 Bangkalan,0.9963329459999705,0.0018352619852943428,0.0018317920147351793,1
PENGARUH MODEL PEMBELAJARAN KOOPERATIF TIPE TIME TOKEN BERBANTUAN APLIKASI MINDMAPLE LITE TERHADAP HASIL BELAJAR SISWA PADA MATERI JARINGAN LOKAL (LAN),0.7138651193752606,0.284474446196352,0.0016604344283875025,1
PENGARUH PENERAPAN MODEL PEMBELAJARAN TREFFINGER TERHADAP HASIL BELAJAR KOGNITIF SISWA PADA MATA PELAJARAN PEMROGRAMAN DASAR DI SMK,0.9965303024080826,0.0017404813961557773,0.0017292161957616133,1
Efektivitas Pembelajaran Menggunakan Software Proteus Pada Mata Pelajaran Sistem Komputer Terhadap Hasil Belajar Siswa di SMK Negeri 1 Arosbaya,0.9971744030645362,0.0014153123640757333,0.0014102845713881687,1
Pengaruh Model Pembelajaran Kooperatif Tipe Take and Give Berbantuan Mind Mapping terhadap Hasil Belajar Siswa Kelas X TKJ Pada Mata Pelajaran Sistem Komputer di SMKN 1 Pasean,0.997237015012114,0.0013884927222983297,0.001374492265587705,1
PENGEMBANGAN MEDIA PEMBELAJARAN AUGMENTED REALITY BERBASIS ANDROID  UNTUK MATA KULIAH KECERDASAN BUATAN DI PRODI PENDIDIKAN INFORMATIKA,0.002012256278768934,0.0020088135253956505,0.9959789301958354,2
PENGEMBANGAN MEDIA PEMBELAJARAN AUGMENTED REALITY BERBASIS ANDROID PADA MATA KULIAH PENGANTAR TEKNOLOGI INFORMASI DI PRODI PENDIDIKAN INFORMATIKA,0.2507035571444565,0.0013998374690023642,0.7478966053865411,2
Pengembangan Media Pembelajaran Augmented Reality berbasis Android untuk Materi Jenis-Jenis Kabel dan Konektornya,0.002639083532358495,0.002634576779984631,0.9947263396876569,2
Pengaruh Model Pembelajaran Kooperatif Tipe Example Non Example terhadap Hasil Belajar Siswa SMK pada Mata Pelajaran Simulasi dan Komunikasi Digital (Penelitian di SMK Nurul Amanah),0.8457262409812217,0.15280717724510415,0.0014665817736741115,1
Pengaruh model pembelajaran kooperatif metode two stay two stray terhadap hasil belajar siswa pada materi permasalahan perangkat keras kelas X SMK,0.8874290291598944,0.0018700178508004044,0.1107009529893052,1
PERBEDAAN HASIL BELAJAR SISWA ANTARA YANG MENGIKUTI MODEL PROJECT BASED LEARNING DENGAN MODEL PROBLEM BASED LEARNING PADA MATA PELAJARAN DESAIN GRAFIS,0.9527610570455627,0.0453948536576431,0.0018440892967941526,1
PENGARUH MODEL PEMBELAJARAN KOOPERATIF TIPE TAI TERHADAP MINAT DAN HASIL BELAJAR INSTALASI JARINGAN LOKAL (LAN),0.9960283971604543,0.001996505168150555,0.001975097671394954,1
PENGEMBANGAN MEDIA PEMBELAJARAN INTERAKTIF BERBASIS FLASH PADA MATA PELAJARAN PEMROGRAMAN DASAR DI SMK,0.0016527675104336741,0.001638862073856329,0.9967083704157099,2
PENGEMBANGAN MEDIA PEMBELAJARAN BERBASIS WEBTOON UNTUK PEMBELAJARAN MIKROTIK DI SMK NURUL AMANAH,0.8006327411268681,0.0013234240191770934,0.19804383485395488,1
Pengembangan Media Pembelajaran Augmented Reality Berbasis Android Untuk Materi Komponen Elektronika dan Gerbang Logika,0.0021919564192158683,0.002180437203946482,0.9956276063768377,2
PENGARUH PEMBELAJARAN MENGGUNAKAN MEDIA SOFTWARE NETBEANS TERHADAP HASIL BELAJAR SISWA PADA MATA PELAJARAN PEMROGRAMAN DESKTOP KELAS XI RPL SMK,0.9961397887136215,0.0019299117685592144,0.0019302995178193136,1
"REKOMENDASI PENERIMA BEASISWA BERBASIS WEB MENGGUNAKAN METODE MOORA (MULTI-OBJECTIVE ON THE BASIC OF RATIO ANALYSIS) DI PROGRAM 
STUDI PENDIDIKAN INFORMATIKA",0.894033963911453,0.0018387357012498201,0.10412730038729717,1
Pengaruh Model Pembelajaran Kooperatif Tipe Take and Give Terhadap Hasil Belajar Siswa Pada Materi Casing Computer kelas X TKJ di SMK Nurul Amanah,0.9970976673514783,0.0014572859939711168,0.0014450466545505437,1
Pengaruh Model Pembelajaran Kooperatif dengan Strategi Think Talk Write (TTW) berbantuan LKS terhadap Hasil Belajar Siswa Kelas X TKJ pada Mata Pelajaran Simulasi dan Komunikasi Digital di SMK Negeri 1 Pasean,0.9975226616177699,0.0012451717044374296,0.0012321666777926701,1
Pengaruh Pendekatan Pembelajaran Konstruktivisme Terhadap Hasil Belajar Kognitif Siswa Kelas X TKJ Pada Pelajaran Sistem Komputer Di SMKN 1 Rejotangan,0.9965831809110967,0.0017187167790595173,0.0016981023098437966,1
PENGARUH PEMBELAJARAN KOOPERATIF METODE GUIDED TEACHING BERBANTUAN MULTIMEDIA INTERAKTIF KAHOOT TERHADAP HASIL BELAJAR SISWA PADA PELAJARAN PEMROGRAMAN DASAR,0.9965212254611586,0.0017465411130531173,0.001732233425788262,1
PENGEMBANGAN E-LEARNING BERBASIS WEB PADA MATA PELAJARAN KETERAMPILAN KOMPUTER DAN PENGOLAHAN INFORMASI KELAS XII PROGRAM KEAHLIAN TEKNIK KENDARAAN RINGAN (TKR) DI SMK AL-HIKAM BANGKALAN,0.0014063236698686648,0.0014014710999078314,0.9971922052302236,2
SISTEM INFORMASI BIMBINGAN DAN KONSELING BERBASIS WEB DI PRODI PENDIDIKAN INFORMATIKA,0.0017674701291385403,0.0017792308753896498,0.9964532989954719,2
"ANALISIS HIGHER ORDER THINKING SKILL DALAM PENERAPAN SCIENTIFIC LEARNING PELAJARAN KOMPUTER DAN JARINGAN DASAR DITINJAU DARI KEMAMPUAN AWAL SISWA 
(Studi Kasus di Kelas X TKJ SMK N 1 Labang)",0.06048048151135329,0.0018689558040345885,0.9376505626846122,2
Pengembangan Media Pembelajaran Berbasis Game Edukasi Menggunakan Construct2 Materi Media Jaringan Jurusan TKJ Di SMKN 1 Labang,0.569001164654476,0.00198890813036732,0.4290099272151567,1
PENGARUH PEMBELAJARAN E-LEARNING BERBASIS EDMODO TERHADAP HASIL BELAJAR SISWA PADA MATA PELAJARAN KOMPUTER dan JARINGAN DASAR DI SMK NEGERI 1 AROSBAYA,0.9968894868889732,0.0015589374259121476,0.0015515756851146383,1
PERBANDINGAN HASIL BELAJAR SISWA ANTARA MODEL PEMBELAJARAN KOOPERATIF TIPE TGT DAN STAD PADA MATERI PENGOPERASIAN PC DAN PHERIPERAL,0.9971791519752028,0.0014165434894782573,0.0014043045353190823,1
Pengembangan Game Edukasi Berbasis Android Pada Mata Pelajaran Bahasa Madura Di SMK Negeri 1 Labang,0.0014847608129824608,0.0014675984509381229,0.9970476407360794,2
profil berpikir kritis siswa ditinjau dari gaya kognitif (reflektif-impulsif) dalam memecahkan masalah materi algoritma,0.9968641711037791,0.0015624511829670175,0.0015733777132538103,1
PENGEMBANGAN MEDIA PEMBELAJARAN BERBASIS ANIMASI 2D PADA MATERI OFFER AND SUGGESTION,0.7330354560309813,0.0022646752084169567,0.26469986876060175,1
PENGARUH   MODEL PEMBELAJARAN KOOPERATIF  DENGAN PENDEKATAN  TEAM  ASSISTED  INDIVIDUALIZATION  (TAI)  PADA  MATA PELAJARAN  DESAIN  GRAFIS  TERHADAP HASIL  BELAJAR  SISWA PADA  KELAS X SMKN 1 KAMAL,0.9970998432367044,0.0014556734025583974,0.0014444833607371985,1
PENGEMBANGAN MEDIA PEMBELAJARAN GAME EDUKASI PENJUMLAHAN DAN PENGURANGAN DALAM PELAJARAN MATEMATIKA BERBASIS ANDROID MENGGUNAKAN CONSTRUCT 2 ,0.0013631273359415456,0.0013414846730539463,0.9972953879910046,2
"PENGEMBANGAN SISTEM INFORMASI ADMINISTRASI SKRIPSI
BERBASIS WEB DI PROGRAM STUDI PENDIDIKAN INFORMATIKA",0.0014805685255680535,0.8824585709370789,0.116060860537353,0
pengaruh model pembelajaran kooperatif tipe Make a Match terhadap minat belajar siswa pada mata pelajaran simulasi dan komunikasi digital kelas X TKJ SMKN 1 Kwanyar,0.9970346286650464,0.0014882706092084587,0.0014771007257450672,1
PENGEMBANGAN MEDIA PEMBELAJARAN SISTEM TATA SURYA BERBASIS VIRTUAL REALITY DI SMP N 1 KAMAL KELAS VII,0.0013166872647189685,0.0012961305848023024,0.9973871821504787,2
CHATBOT  INFORMASI JADWAL KULIAH DAN PENGINGAT TUGAS MAHASISWA MENGGUNAKAN METODE REGULAR EXPRESSION PATTERN MATCHING DI PROGRAM STUDI PENDIDIKAN INFORMATIKA,0.0011389489849661122,0.9977133503491674,0.0011477006658663553,0
"Pengembangan Media Pembelajaran Try Out  Berbasis Web Menggunakan Laravel Di Jurusan Tkj Smk Pgri 1 Bangkalan

",0.0020290722119194666,0.0020379299801836282,0.9959329978078969,2
"PENGEMBANGAN MEDIA PEMBELAJARAN AUGMENTED 
REALITY BERBASIS ANDROID PADA MATA PELAJARAN 
JARINGAN DASAR KOMPUTER 
DI SMKN 1 LABANG
",0.0010265503532645359,0.0010192305719997794,0.9979542190747357,2
"PENGEMBANGAN MEDIA PEMBELAJARAN BUKU LKS
BERBASIS AUGMENTED REALITY PADA MATERI PELAJARAN PENGENALAN KOMPONEN KOMPUTER UNTUK KELAS X TKJ DI SMK PGRI 1 BANGKALAN
",0.0011399611808105695,0.0011335414779941363,0.9977264973411953,2
Efektifitas Model Pembelajaran Kooperatif Tipe TAI Terhadap Hasil Belajar Siswa Materi Kelas Maya Kelas X SMKN 1 Sumenep,0.9964098255048688,0.0017992621118445766,0.0017909123832865392,1
Pengembangan Game Edukasi Matematika (Operasi Bilangan Pecahan) Berbasis Android  untuk Sekolah Dasar,0.0025543237828651033,0.4731971444647871,0.5242485317523478,0
PENGEMBANGAN MEDIA PEMBELAJARAN TERMINOLOGI DASAR JARINGAN SMK KELAS XI MENGGUNAKAN MIND MAP BERBASIS WEB (STUDI KASUS SMKN 1 AROSBAYA),0.0017002240863006805,0.0016865359942150198,0.9966132399194844,2
"Pengembangan Media Pembelajaran
Augmented Reality Berbasis Android
Pada Materi Momentum, Impuls, dan Tumbukan
Untuk Mahasiswa Prodi Pendidikan Informatika",0.0014506753851389403,0.0014414920198514017,0.9971078325950097,2
PROFIL PENALARAN PROPORSIONAL SISWA KELAS X DALAM MEMECAHKAN MASALAH JARINGAN DASAR DITINJAU DARI GAYA KOGNITIF SISTEMATIS DAN INTUITIF DI SMKN 2 BANGKALAN,0.00235217063899281,0.0023348034927863173,0.9953130258682209,2
IDENTIFIKASI MINAT BELAJAR SISWA PADA MATA PELAJARAN BASIS DATA DITINJAU DARI GAYA KOGNITIF FIELD DEPENDENT DAN FIELD INDEPENDENT SISWA DI SMK NEGERI 1 KAMAL,0.9957967814075467,0.0021027504924313756,0.0021004681000218587,1
"Pengaruh Strategi Pembelajaran Peningkatan Kemampuan Berpikir (SPPKB) terhadap Hasil Belajar Siswa pada Mata Pelajaran pemrograman Dasar kelas X di SMK Negeri 1 Kamal
",0.9970145511141155,0.0014973193188382845,0.0014881295670460923,1
Perbedaan Minat Belajar Dengan Menggunakan Model Pembelajaran Creative Problem Solving Dan Problem Based Learning Pada Materi Operasi Aritmatika,0.997376050025167,0.001316486540687151,0.0013074634341458768,1
PENGARUH METODE DLPS (Double Loop Problem Solving) TERHADAP HASIL BELAJAR KOGNITIF SISWA KELAS XI RPL PADA MATERI CLASS dan OBJECT DI SMK NEGERI 1 KAMAL,0.9972885903008784,0.0013595775518210566,0.0013518321473006008,1
PENGEMBANGAN GAME EDUKASI OPERASI ARITMATIKA MENGGUNAKAN UNITY BERBASIS ANDROID UNTUK SISWA SEKOLAH DASAR,0.0019939839340365915,0.001982554044819291,0.9960234620211441,2
"PENGEMBANGAN MEDIA PEMBELAJARAN ANIMASI 3D PADA MATERI SISTEM PEREDARAN DARAH GANDA KELAS VIII
(STUDI KASUS: MTs N 2 LAMONGAN)
",0.5294699551134793,0.0024568177222677326,0.4680732271642529,1
"PENGEMBANGAN GAME EDUKASI BERBASIS ANDROID PADA MATA PELAJARAN SISTEM OPERASI KOMPUTER
DI SMK Agung Mulia Labang",0.0017675926021575095,0.0017492863725461255,0.9964831210252963,2
PENGEMBANGAN BEL OTOMATIS BERBASIS ARDUINO UNO DAN MODUL DFPLAYER DI SMK NEGERI 2 BANGKALAN,0.8961057678399099,0.0021542411652083295,0.10173999099488178,1
"PEMBELAJARAN KONSTRUKTIVISME DITINJAU DARI
KEMAMPUAN BERPIKIR KRITIS TERHADAP HASIL
BELAJAR SISWA PADA MATERI ALGORITMA
PERCABANGAN DI SMK NEGERI 2
BANGKALAN",0.0018961895768456925,0.9962272633289054,0.0018765470942489512,0
ANALISIS MISKONSEPSI PADA MATERI IP SUBNETTING DITINJAU DARI GAYA KOGNITIF FIELD DEPENDENCE (FD) DAN FIELD INDEPENDENCE (FI) PADA KELAS X SMKN 2 BANGKALAN,0.0014684171755744075,0.001455094857821803,0.9970764879666038,2
Pengembangan Sistem Informasi Pengelolaan Praktik Kerja Industri Berbasis Web di SMK Al Hikam Bangkalan,0.0020087936061775093,0.0020257123283032395,0.9959654940655193,2
PENGEMBANGAN SISTEM INFORMASI PRAKTIK KERJA INDUSTRI BERBASIS WEB CODEIGNITER DI SMKN 1 SUMENEP,0.3074629163500304,0.0018332250375962215,0.6907038586123734,2
PENGARUH MODEL PEMBELAJARAN KOOPERATIF TIPE MAKE A MATCH TERHADAP HASIL BELAJAR SISWA PADA MATA PELAJARAN PEMROGRAMAN DASAR KELAS X TKJ SMK NEGERI 1 AROSBAYA,0.9967292498935717,0.0016404925835947633,0.0016302575228335826,1
PENGARUH MODEL PEMBELAJARAN KOOPERATIF TIPE NUMBERED HEADS TOGETHER TERHADAP MOTIVASI DAN HASIL BELAJAR SISWA PADA MATA PELAJARAN RANCANG BANGUN JARINGAN KELAS XI DI SMK ,0.703471486121053,0.2956628854017463,0.0008656284772007116,1
EFEKTIVITAS PENERAPAN MODEL PEMBELAJARAN TREFFINGER PADA MATA PELAJARAN SISTEM KOMPUTER DI SMK NEGERI 1 AROSBAYA,0.9974655825304695,0.0012692224081587193,0.0012651950613719123,1
PENGEMBANGAN SISTEM INFORMASI MONITORING SKRIPSI BERBASIS WEB DI PROGRAM STUDI PENDIDIKAN INFORMATIKA ,0.0012154943701201293,0.47291028383245265,0.5258742217974273,0
"PENGARUH MODEL EXPERIENTIAL LEARNING 
TERHADAP MOTIVASI DAN HASIL BELAJAR 
SISWA PADA MATA PELAJARAN SIMULASI 
DIGITAL DI SMK NEGERI 2 BANGKALAN
",0.0013584386262799836,0.9973005296229236,0.0013410317507963419,0
PENGEMBANGAN GAME EDUKASI BERBASIS UNITY SEBAGAI MEDIA  PEMBELAJARAN PADA MATERI PERANGKAT INPUT DEVICE KELAS X TKJ DI SMK AGUNG MULIA ,0.0011314309475634824,0.0011243866037417341,0.9977441824486947,2
"PENGARUH MODEL PEMBELAJARAN KOOPERATIF TIPE TEAMS GAMES TOURNAMENT BERBANTUAN MEDIA KAHOOT PADA MATERI PERAWATAN JARINGAN 
LOKAL LAN TERHADAP HASIL BELAJAR 
",0.9970246488561317,0.0014975992275405847,0.0014777519163276093,1
PENGEMBANGAN MEDIA PENGENALAN KAMPUS UNIVERSITAS TRUNOJOYO MADURA BAGI MAHASISWA PROGRAM STUDI PENDIDIKAN INFORMATIKA BERBASIS VIRTUAL REALITY,0.21880791705740596,0.0012971780034886104,0.7798949049391054,2
Penempatan Mahasiswa Prodi Pendidikan Informatika Menggunakan Metode SAW dan Prinsip Pigeon Hole pada Sisem Informasi PLP II Berbasis Web,0.001527925735088024,0.0015411682781273977,0.9969309059867846,2
SISTEM PENDUKUNG KEPUTUSAN PENENTUAN SISWA KELAS UNGGULAN MTS NEGERI 2 LAMONGAN MENGGUNAKAN METODE TOPSIS,0.001253847307342432,0.0012456447455754724,0.9975005079470821,2
"ANALISIS PELAKSANAAN PENDIDIKAN KARAKTER PESERTA DIDIK PADA MATA PELAJARAN ADMINISTRASI SERVER KELAS XI TKJ (Penelitian di SMK Negeri 1 Kwanyar)
",0.0015484644989880107,0.97570750638331,0.02274402911770196,0
EFEKTIVITAS MODEL PEBELAJARAN KOOPERATIF TIPE PICTURE AND PICTURE PADA MATA PELAJARAN SIMULASI DIGITAL DI SMK NEGERI 1 LABANG,0.9957739942402097,0.0021216902011041315,0.0021043155586860742,1
PERBANDINGAN MODEL PEMBELAJARAN KOOPERATIF TIPE NHT (Numbered Head Together) DAN TPS (Think Pair Share) DITINJAU DARI INTERAKSI SOSIAL TERHADAP HASIL BELAJAR SISWA PADA MATA PELAJARAN KOMPUTER DAN JARINGAN DASAR,0.0011276152481712186,0.9977601729421498,0.001112211809679031,0
"PENGARUH MODEL PEMBELAJARAN PROJECT BASED LEARNING  BERBASIS GRASPS TERHADAP HASIL BELAJAR SISWA PADA MATA PELAJARAN PEMROGRAMAN DASAR
",0.9831279756786291,0.015510257110360103,0.001361767211010882,1
"PENGARUH MODEL DISCOVERY LEARNING TERHADAP KEMAMPUAN BERPIKIR KREATIF DAN HASIL BELAJAR SISWA PADA MATA PELAJARAN DESAIN GRAFIS KELAS X TKJ SMKN 1 AROSBAYA
",0.7468790190184493,0.2518389040722868,0.001282076909263747,1
"Pengaruh Model Pembelajaran ARCS (Attention, Relevance, Confidence, Satisfaction) Terhadap Hasil Belajar dan Motivasi Belajar Siswa Pada Materi Pra Produksi Video di Kelas X TKJ SMK Al Hikam",0.9965043251511955,0.0017551946590070356,0.0017404801897974527,1
Aplikasi Pengacak Soal Ujian Berbasis Komputer Menggunakan Algoritma Fisher-Yates Shuffle (Studi Kasus SMKN 1 Kamal),0.0018676865701876175,0.9962545469414229,0.0018777664883893874,0
Pengembangan Game Edukasi Mr. Astronot Pada Materi Sistem Bilangan Program Keahlian Teknik Komputer Dan Jaringan Di SMK,0.0015772154550954401,0.00156798204990503,0.9968548024949995,2
"PENGEMBANGAN GAME EDUKASI MATERI OPERASI CAMPURAN BERBASIS ANDROID PADA 
MATA PELAJARAN MATEMATIKA 
DI SDI DARUL FALAH SURABAYA",0.002432782174410754,0.00242614307517596,0.9951410747504132,2
Pengembangan Multimedia Pembelajaran Interaktif Mobile Learning Berbasis Android Pada Materi Model Referensi OSI Untuk Siswa Kelas X TKJ Di SMK Negeri 2 Bangkalan,0.001839268434897496,0.001831806359134977,0.9963289252059675,2
SISTEM INFORMASI MAHASISWA KERJA PRAKTIK INDUSTRI PROGRAM STUDI PENDIDIKAN INFORMATIKA BERBASIS WEB,0.0016305498478132812,0.7955502450495685,0.2028192051026182,0
SISTEM INFORMASI PENGARSIPAN DOKUMEN BERBASIS WEB PADA PROGRAM STUDI PENDIDIKAN INFORMATIKA,0.23452609618585973,0.0016376318408794551,0.7638362719732609,2
ANALISIS PROSES BERPIKIR SISWA PADA PELAJARAN RANCANG BANGUN JARINGAN BERDASARKAN LANGKAH POLYA DITINJAU DARI KECERDASAN ADVERSITAS SISWA  ,0.0014071331485316428,0.0014090383342954488,0.9971838285171729,2
"Pengembangan Media Pembelajaran 
Game Edukasi âKennallaghinnah Komponen Komputerâ Berbasis Android 
Pada Mata Pelajaran Perakitan Komputer untuk Kelas X TKJ di SMKN 1 Labang ",0.26372674969643906,0.0012916134392237225,0.7349816368643373,2
Pengaruh Pembelajaran Berbasis Multiple Intelligences terhadap Hasil Belajar Siswa pada Mata Pelajaran Komputer dan Jaringan Dasar di SMK Negeri 1 Kamal,0.0017224086886475848,0.9965633011112885,0.0017142902000638303,0
HUBUNGAN ANTARA TINGKAT PENDIDIKAN ORANG TUA DENGAN MINAT PEMILIHAN KOMPETENSI KEAHLIAN SISWA KELAS X SMKN 1 LABANG,0.40213416800429835,0.0016190044829120726,0.5962468275127896,2
Perbandingan Hasil Belajar Siswa Putra dan Putri dalam Model Pembelajaran Problem Based Learning Pada Mata Pelajaran Teknologi Jaringan Berbasis Luas (WAN) Di SMK Nurul Mukmin Ketapang Sampang,0.001340014243257916,0.9973269725915365,0.0013330131652057229,0
EFEKTIVITAS PENERAPAN MODEL PEMBELAJARAN DISCOVERY LEARNING PADA MATERI TATA CAHAYA PENGAMBILAN GAMBAR DI SMK NEGERI 2 SAMPANG,0.9972490059179882,0.001383215663532164,0.0013677784184797468,1
PENGARUH MODEL PEMBELAJARAN ARIAS TERHADAP HASIL DAN MINAT BELAJAR SISWA PADA MATA PELAJARAN PEMROGRAMAN DASAR,0.9970288442896482,0.0014951701650863698,0.001475985545265413,1
Efektivitas Model Pembelajaran Berbasis Proyek dengan Cisco Packet Tracer Pada Materi Mendesain Jaringan Lokal Kelas X TKJ SMKN 1 Arosbaya,0.9968772686954314,0.0015665852125643232,0.0015561460920043649,1
PENGARUH MODEL PEMBELAJARAN GUIDE INQUIRY DENGAN MULTI REPRESENTASI (GIMuR) TERHADAP HASIL BELAJAR SISWA KELAS X TKJ MATA PELAJARAN PEMROGRAMAN DASAR,0.17367580742396455,0.8248559948220225,0.0014681977540128251,0
Hubungan Kesiapan Belajar dan Fasilitas Belajar dengan Hasil Belajar Siswa Pada Materi Komunikasi Daring Kelas X SMK Al-Hikam,0.5085739595777757,0.48953130095799025,0.0018947394642340278,0
Pengaruh Model Pembelajaran Kooperatif Tipe Two Stay Two Stray Terhadap Motivasi dan Hasil Belajar Siswa Pada Materi Pengembangan Jaringan Sederhana Kelas X TKJ di SMK (Penelitian di SMK Nurul Amanah),0.9974874168063251,0.001263773451230073,0.0012488097424448374,1
"Pengaruh Model Pembelajaran Project Based Learning (PjBL) dengan Pendekatan Science, Technology, Engineering, and Mathematics (STEM) terhadap Kemampuan Berpikir Kreatif Siswa",0.9970575885416475,0.0014760477538485225,0.0014663637045038483,1
Analisis Tingkat Pemahaman Siswa Terhadap Mata Pelajaran Pemrograman Dasar Ditinjau Dari Gaya Kognitif Field Dependent dan Field Independent Siswa SMK Nurul Amanah,0.001668935028921413,0.0016568375523507374,0.9966742274187278,2
Pengaruh Model Pembelajaran Learning Cycle 5E Terhadap Hasil Belajar Siswa Pada Mata Pelajaran Komputer dan Jaringan Dasar Kelas X RPL di SMK Negeri 1 Kamal,0.9969392792811446,0.0015373537099592413,0.0015233670088961632,1
ANALISIS KEMAMPUAN BERPIKIR REFLEKTIF DALAM MEMECAHKAN MASALAH MATERI SUBNETTING DITINJAU DARI KEMAMPUAN AWAL DAN JENIS KELAMIN,0.996766068615162,0.0016160850109574816,0.001617846373880454,1
"PENGEMBANGAN MEDIA PEMBELAJARAN BAHASA DAERAH MENGGUNAKAN AUGMENTED REALITY UNTUK SISWA KELAS II PADA POKOK BAHASAN TOKOH WAYANG
",0.2866487709194944,0.0016167586715131964,0.7117344704089924,2
Analisis Kemampuan Penalaran Siswa Dalam Memecahkan Masalah Pada Materi Algoritma Ditinjau Dari Gaya Belajar VAK,0.9969512075492133,0.0015217916665459371,0.0015270007842406524,1
"ANALISIS MOTIVASI BELAJAR SISWA DITINJAU DARI GAYA BELAJAR VAK PADA MATERI PROSEDUR PENGALAMATAN IP PADA JARINGAN KOMPUTER DI SMK
",0.9966206612200171,0.0016931364394668956,0.001686202340516008,1
"PENGEMBANGAN SISTEM KOREKSI SOAL ESSAY OTOMATIS BERBASIS WEB MENGGUNAKAN ALGORITMA SMITH WATERMAN 
(Studi Kasus SMKS NURUL AMANAH) ",0.9964730984987347,0.001765198416027825,0.00176170308523751,1
"PENGEMBANGAN GAME EDUKASI ""GAME FRACTION"" PADA MATA PELAJARAN MATEMATIKA MATERI PECAHAN DI SEKOLAH DASAR",0.08729634878672868,0.0019380440518831697,0.9107656071613882,2
PENGEMBANGAN MEDIA PEMBELAJARAN GAME EDUKASI BERBASIS ANDROID UNTUK MATERI HIMPUNAN,0.001480889308313497,0.3928471716092938,0.6056719390823928,2
PENGARUH MODEL PEMBELAJARAN KOOPERATIF TEKNIK TARI BAMBU (Bamboo Dancing) TERHADAP MINAT DAN HASIL BELAJAR SISWA PADA MATA PELAJARAN DASAR DESAIN GRAFIS DI SMK MUHAMMADIYAH 1 TAMAN,0.0011858306008548014,0.9976430454214914,0.0011711239776537158,0
ANALISIS BERPIKIRREFLEKTIF BERDASARKAN GAYA KOGNITIF FIELD DEPENDENT DAN FIELD INDEPENDENT PADA MATERI SISTEM BILANGAN,0.9965528033241381,0.0017109176452308995,0.0017362790306310438,1
PENGARUH MODEL PEMBELAJARAN KOOPERATIF TIPE MAKE A MATCH TERHADAP MOTIVASI DAN HASIL BELAJAR KOGNITIF SISWA KELAS X SMK,0.9977914184446445,0.001109818678222843,0.0010987628771327018,1
PENGEMBANGAN GAME EDUKASI âFEED THE ANIMALSâ BERBASIS ANDROID PADA MATERI KLASIFIKASI HEWAN BERDASARKAN MAKANANNYA UNTUK SEKOLAH DASAR,0.2590396871522752,0.0016479090045133202,0.7393124038432114,2
PENGARUH MODEL PEMBELAJARAN KOOPERATIF TIPE CIRC (COOPERATIVE INTEGRATED READING AND COMPOSITION) TERHADAP HASIL BELAJAR SISWA SMK PADA MATA PELAJARAN DASAR DESAIN GRAFIS KELAS X DI LAMONGAN,0.9968305295557118,0.0015924955871813647,0.0015769748571066687,1
"PENGARUH MODEL PROBLEM BASED LEARNING DENGAN STRATEGI INKUIRI TERHADAP KEMAMPUAN BERPIKIR KREATIF SISWA PADA MATA PELAJARAN PEMROGRAMAN DASAR
(STUDI KASUS KELAS X RPL SMKN 1 LABANG)
",0.9971326115576236,0.001439800136035144,0.0014275883063412291,1
"Pengaruh Model Pembelajaran ARIAS (Assurance, Relevance, Interest, Assessment, Satisfaction) Terhadap Hasil Belajar Siswa Kelas X TKJ Pada Materi Jaringan LAN di SMK Negeri 2 Bangkalan",0.6972826204171724,0.30130859721833153,0.00140878236449633,1
"Pengaruh Model Pembelajaran Somatis, Auditori, Visual, Dan Intelektual (SAVI) Terhadap Hasil Belajar Siswa Kelas X TKJ Pada Materi Komunikasi Dalam Jaringan Di SMK Negeri 2 Bangkalan.",0.0014025687514071456,0.9972051795747635,0.0013922516738293872,0
"PROFIL BERFIKIR KRITIS DAN KREATIF SISWA KELAS X RPL 
DITINJAU DARI KEMAMPUAN AWAL SISWA PADA MATERI 
STRUKTUR KONTROL PERCABANGAN DI SMKN 2 BANGKALAN",0.9958988735506876,0.0020421864860824283,0.002058939963230019,1
"ANALISIS METAKOGNISI DALAM PEMECAHAN MASALAH 
OPERATOR ARITMATIKA DAN LOGIKA PADA MATA PELAJARAN PEMROGRAMAN DASAR DITINJAU 
DARI GAYA BELAJAR (STUDI KASUS SISWA 
KELAS X TKJ SMK AL-HIKAM)
",0.5275120543625262,0.0018191919321010404,0.47066875370537264,1
PROFIL KEMAMPUAN BEPIKIR KRITIS SISWA DI TINJAU DARI GAYA KOGNITIF FIELD DEPENDENCE (FD) DAN FIELD INDEPENDENCE (FI) ,0.9279781554108373,0.001836419412093013,0.07018542517706973,1
PENGARUH MODEL PEMBELAJARAN QUANTUM TEACHING TERHADAP KEMAMPUAN BERPIKIR TINGKAT TINGGI SISWA DALAM MATA PELAJARAN SISTEM KOMPUTER KELAS X TKJ SMKN 2 BANGKALAN TAHUN PELAJARAN 2018/2019,0.07519798021754164,0.9236144050579108,0.0011876147245474529,0
"PENGARUH MODEL RECIPROCAL TEACHING TERHADAP HASIL
BELAJAR SISWA SMK PADA MATA PELAJARAN KOMPUTER DAN JARINGAN DASAR DI SMK NEGERI 2 BANGKALAN",0.00172064445713193,0.9965741820808357,0.0017051734620322713,0
PENGEMBANGAN MEDIA PEMBELAJARAN TRAINER COMPUTERS ADVANCED STRUCTURE TOPOLOGY (T-CAST) UNTUK MATA PELAJARAN JARINGAN DASAR PADA PAKET KEAHLIAN TKJ DI SMK,0.3054177560740727,0.0015233272243747055,0.6930589167015526,2
PENGARUH MODEL PEMBELAJARAN ADVANCE ORGANIZER BERBASIS MIND MAPPING TERHADAP HASIL BELAJAR SISWA PADA MATA PELAJARAN KOMPUTER DAN JARINGAN DASAR DI SMKS AL-HIKAM BANGKALAN,0.8617045903902085,0.13670861157697112,0.00158679803282023,1
HUBUNGAN KECERDASAN EMOSIONAL TERHADAP HASIL BELAJAR PADA MATA PELAJARAN DASAR DESAIN GRAFIS SISWA KELAS X TKJ DI SMK NEGERI 2 LAMONGAN  ,0.0017663828334311272,0.9964868315578584,0.0017467856087104762,0
ANALISIS PEMECAHAN MASALAH BERDASARKAN TEORI POLYA PADA MATERI STRUKTUR KONTROL PERULANGAN KELAS X DITINJAU DARI KEMAMPUAN AWAL SISWA,0.795136594759654,0.0019006004450829606,0.20296280479526302,1
"PENGARUH MODEL PEMBELAJARAN BLENDED LEARNING TERHADAP HASIL BELAJAR SISWA PADA MATA PELAJARAN SISTEM KOMPUTER KELAS X  RPL SMK N 2 BANGKALAN
",0.9967246055463806,0.0016369733205848966,0.0016384211330343766,1
Pengembangan Media Pembelajaran Asbabun Nuzul Al Quran Juz â 30 Berbasis Android Pada Mata Pelajaran Al Quran Hadist,0.9953676841580137,0.0015157026050961466,0.003116613236890401,1
"PENGEMBANGAN APLIKASI BERBASIS WEB UNTUK MENGOLAH NILAI RAPOR DI MTs AT-TAQWA KALANGANYAR
",0.0023613577032469864,0.0023492808861937395,0.9952893614105593,2
PENGEMBANGAN MEDIA PEMBELAJARAN TRAINER NOTEBOOK âKERAMIKâ DALAM MATA PELAJARAN KOMPUTER DAN JARINGAN DASAR MATERI MERAKIT NOTEBOOK PADA KELAS X TKJ SMK AL-MUHAJIRIN ,0.6113637850785802,0.0016137904673886826,0.38702242445403096,1
Analisis Pelaksanaan Prakerin Program Teknik Komputer dan Jaringan di SMKS Al Hikam Burneh Bangkalan.,0.001837907438495964,0.9468011115569973,0.051360981004506784,0
"PENGARUH METODE PEMBELAJARAN DRILL AND PRACTICE MENGGUNAKAN CAMTASIA TERHADAP HASIL BELAJAR
SISWA RANAH PSIKOMOTOR KELAS X TKJ PADA MAPEL PRODUKTIF DESAIN GRAFIS DI SMKN 1 KWANYAR",0.9970174848258866,0.0014921994846881909,0.0014903156894253311,1
"PENGEMBANGAN MEDIA PEMBELAJARAN ""JOY DAFIS"" (Trunojoyo Desain Grafis)  BERBASIS ANDROID  PADA MATERI MODEL WARNA DI SMK",0.0016619597657408325,0.0016411200930992772,0.99669692014116,2
Analisis Keterampilan Berpikir Kritis Siswa Kelas XI TKJ Dalam Memecahkan Masalah Pada Materi VLAN Ditinjau Dari Jenis Kelamin Dan Kemampuan Awal.,0.9966252902723604,0.0016835257125742047,0.001691184015065415,1
Pengaruh Model Pembelajaran Resource Based Learning Terhadap Hasil Belajar Siswa Kelas XI TKJ Pada Mata Pelajaran Administrasi Sistem Jaringan di SMK Negeri 1 Blega,0.0015838746459855663,0.9968452874594995,0.0015708378945149518,0
ANALISIS KESALAHAN SISWA SMK KELAS X TKJ DALAM MENYELESAIKAN SOAL SISTEM BILANGAN PADA MATA PELAJARAN SISTEM KOMPUTER  BERDASARKAN METODE NEWMAN DITINJAU DARI KEPRIBADIAN SISWA,0.996519509467644,0.0017391248725422298,0.0017413656598136954,1
Analisis Proses Berpikir Kritis Siswa Dalam Pemecahan Masalah Pemrograman Dasar Ditinjau dari Kepribadian,0.9967229009393541,0.0016386882626302252,0.0016384107980156933,1
PROFIL BERPIKIR KRITIS DITINJAU DARI MOTIVASI BELAJAR SISWA DALAM MATA PELAJARAN PEMROGRAMAN DASAR KELAS X TKJ,0.9977877652782658,0.0011123261175151054,0.001099908604219069,1
PENGEMBANGAN MEDIA PEMBELAJARAN VIRTUAL REALITY PADA MATERI PENGENALAN TERMINATION DAN SPLICING FIBER OPTIC DI PRODI PENDIDIKAN INFORMATIKA,0.0014783178799492147,0.001466029812841821,0.9970556523072089,2
Pengembangan Media Pembelajaran Fisika Berbasis Virtual Reality Pada Pokok Bahasan Usaha dan Energi,0.001612656837884027,0.0015900960398371792,0.9967972471222788,2
"PENGARUH MODEL PEMBELAJARAN ARIAS (ASSURANCE, RELEVANCE, INTEREST, ASSESSMENT, SATISFACTION) TERHADAP HASIL 
BELAJAR DAN MOTIVASI BELAJAR KELAS X PADA MATA 
PELAJARAN SIMDIG",0.9967271248116449,0.0016419071760723992,0.0016309680122826734,1
PENGARUH MODEL PEMBELAJARAN ACCELERATED LEARNING DENGAN PENDEKATAN SAVI PADA MATERI KARAKTERISTIK MEMORI TERHADAP HASIL BELAJAR KELAS X SMK AL-KHOIRIYAH,0.9410948080986637,0.05739376264845518,0.0015114292528811187,1
PENGEMBANGAN INSTRUMEN PENILAIAN BERBASIS  HOTS (HIGH ORDER THINKING SKILL) MATA PELAJARAN SISTEM KOMPUTER KELAS X SMK NEGERI 2 BANGKALAN,0.0017642971539640062,0.0017539368968002933,0.9964817659492357,2
PENGEMBANGAN MEDIA PEMBELAJARAN VISUAL 3D MENGGUNAKAN AUGMENTED REALITY PADA MATERI TOPOLOGI JARINGAN KELAS X TKJ SMK,0.0015995694318904812,0.0015833195508787323,0.9968171110172308,2
PENGEMBANGAN MEDIA PEMBELAJARAN GAME PUZZLE BERBASIS ANDROID PADA MATERI TIPE DATA DAN VARIABEL UNTUK SISWA SMK,0.293252396493436,0.0016725379113322377,0.7050750655952317,2
Pengaruh Model Pembelajaran Berbasis Masalah dengan Pendekatan VCT (value clarification technique) terhadap Hasil Belajar Siswa pada Mata Pelajaran Sistem Komputer Kelas X RPL di SMKN 1 Kamal,0.9972507279785309,0.0013788758927317814,0.00137039612873747,1
ANALISIS PEMECAHAN MASALAH BERDASARKAN LANGKAH-LANGKAH POLYA DITINJAU DARI GAYA KOGNITIF SISWA KELAS X TKJ PADA MATA PELAJARAN PEMROGRAMAN DASAR,0.9961561970432683,0.0019177878155745144,0.001926015141157198,1
Pengaruh Model Pembelajaran Kooperatif Tipe Team Assisted Individualization (TAI) Terhadap Minat Belajar Siswa Mata Pelajaran Komputer dan Jaringan Dasar Kelas X TKJ,0.9968050981518319,0.0016037580568203892,0.001591143791347691,1
Pengembangan Media Pembelajaran Multimedia Interaktif Pada Materi Struktur Kontrol Percabangan Untuk Kelas X TKJ Di SMKN 1 Arosbaya Menggunakan Unity,0.0017033547152856229,0.0016874326304237275,0.9966092126542907,2
Sistem Infomasi Alumni SMK Agung Mulia,0.0017307970165389942,0.0017248181110505992,0.9965443848724104,2
PENGEMBANGAN MEDIA PEMBELAJARAN BERBASIS AUGMENTED REALITY UNTUK MATERI SISTEM PERNAPASAN PADA MANUSIA KELAS V SD,0.0015022988417954498,0.0014904315668139525,0.9970072695913905,2
PERBANDINGAN HASIL BELAJAR SISWA ANTARA MODEL PEMBELAJARAN PROJECT BASED LEARNING DAN PROBLEM BASED LEARNING  MAPEL PEMROGRAMAN DASAR KELAS X DI SMK,0.0012000515399381902,0.9976152576360742,0.0011846908239875392,0
"PENGARUH MODEL PEMBELAJARAN AUDITORY INTELLECTUALY
REPETITION (AIR) TERHADAP HASIL BELAJAR SISWA
PADA MATERI DESAIN JARINGAN LOKAL (LAN)
KELAS X RPL DI SMKN 1 KAMAL
",0.9966154583780406,0.0016985239099738965,0.0016860177119854603,1
PENGEMBANGAN  MEDIA PEMBELAJARAN JARAK JAUH MENGGUNAKAN E-LEARNING BERBASIS FRAMEWORK CODEIGNITER UNTUK STUDI KASUS SISWA PRAKERIN SMKS IBNU CHOLIL BANGKALAN.,0.0016102078278908668,0.001600528494737142,0.996789263677372,2
PENGARUH PENDEKATAN SAINTIFIK TERHADAP HASIL BELAJAR DAN MINAT BELAJAR SISWA PADA MATA PELAJARAN DASAR DESAIN GRAFIS DI BANGKALAN,0.9964058937066105,0.0018049212436771895,0.0017891850497123638,1
PENGARUH MODEL PEEMBELAJARAN PROJECT BASED LEARNING TERHADAP KEMAMPUAN BERPIKIR KREATIF PADA MATA PELAJARAN DESAIN GRAFIS KELAS X DISK NEGERI 1 BLEGA,0.9965522705624023,0.001734926788699348,0.0017128026488984222,1
PENGARUH MODEL PEMBELAJARAN QUANTUM LEARNING PADA MATA PELAJARAN PEMROGRAMAN DASAR TERHADAP HASIL BELAJAR SISWA KELAS 10 DI SMK AL-KHOIRIYAH JATI,0.9154260500494754,0.08260810644780464,0.0019658435027199808,1
PENGEMBANGAN MEDIA PEMBELAJARAN KAMUS WEBSITE MATA PELAJARAN PEMROGRAMAN WEB KELAS X DI SEKOLAH MENEGAH KEJURUAN ,0.4709797065605831,0.001802663519850087,0.5272176299195668,2
Pengembangan Sistem Informasi Perpustakaan Berbasis Web Menggunakan RFID Reader di Prodi Pendidikan Informatika,0.43573767094448856,0.0019246467946805123,0.5623376822608309,2
Pengembangan Sistem Informasi Absensi Berbasis Fingerprint Di Laboratorium Pendidikan Informatika ,0.001421647260539721,0.12135513044491633,0.877223222294544,2
Efektivitas Penggunaan Strategi Pembelajaran CTL (Contextual Teaching And Learning) Pada Materi Perakitan Komputer Kelas X TKJ SMKN 1 Labang,0.9972074246409379,0.001400198514475319,0.0013923768445866518,1
pengaruh strategi creative learning berbasis proyek terhadap hasil belajar siswa mata pelajaran desain grafis kelas x smk al-khoiriyah,0.9974411771197692,0.0012832483584058418,0.0012755745218251272,1
ANALISIS PENDIDIKAN KARAKTER MELALUI NILAI-NILAI KETELADANAN GURU DALAM PEMBELAJARAN DESAIN GRAFIS KELAS X TKJ SMKN 1 AROSBAYA,0.0025439198930718495,0.0025415811347147643,0.9949144989722134,2
Pengaruh Strategi Reciprocal Teaching Dipadu Dengan Model Kooperatif Tipe Think Pair Share Terhadap Kemampuan Berpikir Kritis Siswa Kelas X TKJ SMKN 1 Blega,0.0010687725681107548,0.9978777721589399,0.0010534552729493719,0
Analisis Kesulitan Siswa Dalam Mengerjakan Soal Pada Mata Pelajaran Komputer Dan Jaringan  Dasar Ditinjau Dari Gaya Belajar Siswa Kelas X TKJ SMK Siding Puri,0.9958439085668788,0.0020874656053308173,0.0020686258277902666,1
PENGEMBANGAN GAME EDUKASI âAYO RAKIT KOMPUTERâ BERBASIS ANDROID MENGGUNAKAN UNITY PADA MATERI PERAKITAN KOMPUTER DI SMK NEGERI 1 PAKONG,0.21737811992701322,0.0012522955636546985,0.781369584509332,2
PENGARUH MODEL PEMBELAJARAN KOOPERATIF TIPE NHT (NUMBERED HEADS TOGETHER) BERBANTU MEDIA VISUAL TERHADAP HASIL BELAJAR SISWA PADA MATERI PERAKITAN KOMPUTER KELAS X TKJ SMK AL-HIKAM,0.9976367387861507,0.0011867034639872704,0.001176557749861946,1
"PENGARUH MODEL PEMBELAJARAN PROBLEM BASED LEARNING PADA MATA PELAJARAN KOMPUTER DAN JARINGAN DASAR (KJD) TERHADAP HASIL BELAJAR DAN MOTIVASI BELAJAR DI SMK AL ASYâARI, KWANYAR",0.9967684369047612,0.0016223676735055276,0.0016091954217332287,1
HUBUNGAN ANTARA KEMANDIRIAN BELAJAR DENGAN HASIL BELAJAR SISWA TKJ KELAS X PADA MATERI PERAKITAN KOMPUTER DI SMK AL HIKAM,0.48839909825524375,0.5100829350159879,0.0015179667287684995,0
PENGARUH MODEL PEMBELAJARAN PROBLEM BASED LEARNING TERHADAP HASIL BELAJAR SISWA PADA MATA PELAJARAN JARINGAN DASAR KELAS X TKJ DI SMK SIDING PURI SUMENEP,0.9973528041719516,0.0013287645182906303,0.0013184313097576743,1
PENGARUH MODEL PEMBELAJARAN KOOPERATIF TIPE JIGSAW TERHADAP HASIL BELAJAR SISWA PADA MATA PELAJARAN PEMROGRAMAN DASAR KELAS X TKJ DI SMKN 2 BANGKALAN,0.9972970495225688,0.0013518159842566587,0.0013511344931745625,1
GAME SURAMADU (SUSUN AKSARA MADURA) SEBAGAI MEDIA PEMBELAJARAN BAHASA MADURA,0.3165740745311648,0.0015391043827198746,0.6818868210861153,2
PENGARUH MODEL PEMBELAJARAN KOOPERATIF TIPE NUMBER HEAD TOGETHER TERHADAP MOTIVASI DAN HASIL BELAJAR SISWA KELAS X PADA MATA PELAJARAN PERAKITAN KOMPUTER DI SMK NEGERI 1 AROSBAYA,0.4730105801684189,0.525591962386216,0.0013974574453652926,0
"SISTEM INFORMASI MANAJEMEN LABORATORIUM  
PENDIDIKAN INFORMATIKA MENGGUNAKAN 
FRAMEWORK LARAVEL
",0.0017132266456902755,0.0017286091537036727,0.996558164200606,2
Profil Berpikir Kreatif Siswa dalam Pemecahan Masalah Pemrograman Dasar Ditinjau dari Tipe Kepribadian Sensing - Intuition,0.0012747402643858102,0.001278789600126089,0.9974464701354882,2
ANALISIS TINGKAT KEMAMPUAN BERFIKIR KREATIF DITINJAU DARI TIPE KEPRIBADIAN SISWA PADA MATA PELAJARAN DESAIN GRAFIS,0.2002490465960492,0.0011894993777713126,0.7985614540261796,2
SISTEM PENDUKUNG KEPUTUSAN PEMILIHAN PENERIMA BEASISWA MAHASISWA PROGRAM STUDI PENDIDIKAN INFORMATIKA MENGGUNAKAN METODE  VISE KRITERIJUMSKA OPTIMIZACIJA I KOMPROMISNO RESENJE (VIKOR),0.38431937944651756,0.0016049490357247004,0.6140756715177578,2
Pengembangan Game Edukasi Visual Novel Berbasis Android Pada Mata Pelajaran Pemrograman Dasar di SMK Negeri 1 Kamal,0.32361419876412467,0.0014383789136682933,0.6749474223222071,2
Pengaruh Model Pembelajaran Kooperatif Tipe Group Investigation Terhadap Hasil Belajar Siswa Kelas X RPL Pada Mata Pelajaran Simulasi Digital Di SMKN 1 Labang,0.9964721659310767,0.0017723469339187223,0.0017554871350046778,1
IDENTIFIKASI KEMAMPUAN BERPIKIR KREATIF SISWA PADA MATA PELAJARAN DESAIN GRAFIS MATERI MENERAPKAN PEMBUATAN DESAIN BERBASIS GAMBAR VEKTOR DI SMK MUHAMMADIYAH 1 LAMONGAN,0.5987601562398417,0.0019191131752048503,0.39932073058495343,1
PENGARUH MODEL PEMBELAJARAN KOOPERATIF TIPE TAI TERHADAP MINAT DAN HASIL BELAJAR PADA MATA PELAJARAN SISTEM KOMPUTER,0.9976253522879498,0.0011919990547549632,0.0011826486572952097,1
PENGEMBANGAN REAL-TIME STREAMING BERBASIS RASPBERRY PI,0.0011433975878803104,0.522845393240179,0.4760112091719406,0
Pengembangan Computer Adaptive Test (CAT) Menggunakan ALgoritma Fuzzy Tsukamoto,0.7267116805464451,0.0021252029972954854,0.2711631164562595,1
"PENGEMBANGAN MEDIA PEMBELAJARAN BERBASIS
AUGMENTED REALITY MENGGUNAKAN UNITY PADA
MATERI PENGENALAN KOMPONEN KOMPUTER UNTUK
SISWA SMK",0.0022939618200381387,0.0022913274455208616,0.9954147107344409,2
Analisis Tingkat Kemampuan Berpikir Kreatif Siswa Ditinjau dari Gaya Kognitif Impulsif dan Reflektif pada Materi Prinsip Tata Letak Desain Grafis (Studi Kasus Siswa Kelas X TKJ-A di SMKS Al Muhajirin Arosbaya),0.9974277300391627,0.0012829568796849532,0.001289313081152156,1
STUDI TENTANG KOMPETENSI PEDAGOGIK MAHASISWA S1 PENDIDIKAN INFORMATIKA DALAM KEGIATAN PRAKTIK LAPANGAN PERSEKOLAHAN II (PLP II) (STUDI MULTI SITUS SMKN 2 DAN SMKN 3 BANGKALAN),0.0014871241624206826,0.001493753199259881,0.9970191226383195,2
PENGEMBANGAN APLIKASI BOT MESSENGER MENGGUNAKAN ALGORITMA BOYER-MOORE UNTUK INFORMASI AKADEMIK PENDIDIKAN INFORMATIKA,0.0020570063485534076,0.0020841040827786783,0.995858889568668,2
Pengembangan Perangkat Pembelajaran Model Kooperatif Tipe Take And Give Pada Mata Pelajaran Sistem Komputer Kelas X SMK ,0.8498495055785074,0.0013225520652314548,0.1488279423562612,1
Analisis Proses Metakognisi Siswa Dalam Menyelesaikan Perakitan Komputer Ditinjau Dari Kemampuan Awal Siswa Kelas X-RPL SMKN 1 Kamal,0.9955927912484309,0.002199197396113474,0.002208011355455621,1
Pengembangan Media Pembelajaran Berbasis Virtual Reality pada Materi Crimping Kabel UTP untuk Siswa SMK,0.8010822917988075,0.0016325473617922197,0.19728516083940037,1
PENGEMBANGAN GAME EDUKASI 3D FACTORY DEVELOPER MENGGUNAKAN METODE FORWARD CHAINING DAN PENDEKATAN METAFORA PADA PEMROGRAMAN BERORIENTASI OBJEK,0.0013266971426964416,0.001319796543092753,0.9973535063142109,2
PENGEMBANGAN BAHAN AJAR INTERAKTIF BERBASIS ANDROID DENGAN PENDEKATAN STEAM UNTUK SISWA SMK MATA PELAJARAN PEMROGRAMAN DASAR,0.0014922313658595325,0.34629322853051075,0.6522145401036297,2
"ANALISIS KESALAHAN SISWA DALAM MENYELESAIKAN SOAL PADA MATERI VLAN MENGGUNAKAN CISCO PACKET TRACER BERDASARKAN GAYA BELAJAR V-A-K DI SMK NEGERI 2 BANGKALAN
",0.9972140853244017,0.0013923487546131353,0.001393565920985064,1
PENGEMBANGAN PERANGKAT PEMBELAJARAN MATERI PERULANGAN DALAM MODEL PEMBELAJARAN CIRC (COOPERATIVE INTEGRATED READING AND COMPOSITION) DENGAN PENDEKATAN KOMUNIKATIF DI KELAS X RPL ,0.9972314995422958,0.0013809900300137826,0.001387510427690408,1
ANALISIS KEMAMPUAN BERNALAR SISWA KELAS X TKJ DI TINJAU DARI GAYA KOGNITIF FIELD INDEPENDENT (FI) DAN GAYAKOGNITIF FIELD DEPENDENT (FD) DI SMKN 1 KAMAL,0.9969665406913971,0.00151074647356902,0.0015227128350337447,1
PENGEMBANGAN GAME EDUKASI BERBASIS DESKTOP MENGGUNAKAN UNITY PADA MATA PELAJARAN PERAKITAN KOMPUTER UNTUK SISWA DI SMK,0.047757319457736674,0.0014448125033889436,0.9507978680388744,2
STUDI TENTANG KOMPETENSI PROFESIONAL MAHASISWA S1 PENDIDIKAN INFORMATIKA DALAM KEGIATAN PRAKTIK LAPANGAN PERSEKOLAHAN II (PLP II) (STUDI MULTISITUS DI SMKN 2 DAN SMKN 3 BANGKALAN),0.0011738549556866984,0.08070834510309711,0.9181177999412162,2
PENGEMBANGAN PERANGKAT PEMBELAJARAN  MODEL PEMBELAJARAN KOOPERATIF METODE LISTENIN TEAM PADA MATA PELAJARAN SIMULASI DAN KOMUNIKASI DIGITAL DI SMKN 1 LABANG,0.9967911717318257,0.001602373191648802,0.0016064550765254625,1
"PENGEMBANGAN GAME EDUKASI âTONGBITONGANâ KELAS 2 SD PELAJARAN MATEMATIKA MATERI OPERASI HITUNG BILANGAN MENGGUNAKAN UNITY 
DI SDN SUCI 2 JEMBER",0.6144712280373638,0.001690119695437593,0.3838386522671987,1
Sistem Penjadwalan Perkuliaham Menggunakan Algoritma Genetika di Program Studi Pendidikan Informatika Universitas Trunojoyo Madura,0.0011416584092929106,0.9977063863974217,0.001151955193285294,0
IDENTIFIKASI METAKOGNISI DALAM PEMECAHAN MASALAH KONVERSI BILANGAN PADA MATA PELAJARAN SISTEM KOMPUTER DITINJAU DARI KEPRIBADIAN SISWA.,0.7855621242347137,0.0022083395298510998,0.2122295362354351,1
PENGEMBANGAN PERANGKAT PEMBELAJARAN MODEL PEMBELAJARAN KOOPERATIF TIPE TEAMS GAMES TOURNAMENT DENGAN MEDIA QUIZIZZ PADA MATERI KOMPUTER DAN JARINGAN DASAR DI KELAS X SMKN 1 AROSBAYA,0.9970144421989744,0.001488661951546117,0.0014968958494793732,1
"Pengembangan Rencana Pelaksanaan Pembelajaran (RPP), Lembar Kerja Kelompok (LKK) dan Soal Berbasis HOTS Dengan Model Pembelajaran Kooperatif Tipe Learning Cycle 7E Pada Mata Pelajaran Sistem Komputer di SMK Negeri 1 Kamal",0.0012329342388813494,0.0012273568387964698,0.9975397089223221,2
STUDI MULTIKASUS KESULITAN BELAJAR DAN MOTIVASI BELAJAR SISWA KELAS XII JURUSAN RPL PADA MATA PELAJARAN PEMROGRAMAN WEB DAN PERANGKAT BERGERAK DI SMKN 2 BANGKALAN,0.9979676929315401,0.0010172515027815241,0.0010150555656783771,1
HUBUNGAN MANAJEMEN WAKTU DENGAN HASIL BELAJAR SISWA PADA MATERI VIDEO EDITING KELAS X SMKN 1 KAMAL,0.9956949012886949,0.0021565237783013847,0.002148574933003657,1
"PENGEMBANGAN PERANGKAT PEMBELAJARAN MENGGUNAKAN
MODEL PEMBELAJARAN AIR BERBANTU VIDEO TUTORIAL DIPADU
DENGAN METODE GAMIFICATION DI KELAS X SMK",0.0029183782551542867,0.002910239992051723,0.994171381752794,2
PENGEMBANGAN PERANGKAT PEMBELAJARAN MODEL INQUIRY LEARNING BERBASIS STEAM PADA MATERI DESAIN GAMBAR BITMAP (RASTER) UNTUK MENINGKATKAN KEMAMPUAN BERPIKIR KRITIS SISWA,0.10163042880890324,0.3022337974581242,0.5961357737329726,2
PENGEMBANGAN MEDIA PEMBELAJARAN AUGMENTED REALITY BERBASIS ANDROID PADA MATERI PENGENALAN HARDWARE MATA PELAJARAN KOMPUTER DAN JARINGAN DASAR KELAS X TKJ DI SMK AL HIKAM BANGKALAN ,0.001923890500671879,0.0019084506524579836,0.9961676588468702,2
Pengembangan Perangkat Model Pembelajaran Kooperatif Tipe Picture and Picture Pada Materi Penerapan Perangkat Lunak Pengolah Gambar Bitmap di SMK Negeri 1 Labang,0.9973693674397575,0.0013124293306542745,0.0013182032295882807,1
   PROFIL BERPIKIR METAFORIS SISWA DALAM PEMECAHAN MASALAH PADA MATERI SUBNETTING  DITINJAU DARI KEMAMPUAN AWAL KELAS XII TKJ SMKS AL HIKAM BANGKALAN ,0.995459482999951,0.0022674649318571343,0.002273052068191991,1
Pengembangan Sistem Pendeteksi Plagiarisme Berbasis Web Dengan Algoritma Rabin - KARP Dan Levenshtein Distance,0.001248207983233734,0.570021217115972,0.42873057490079425,0
PENGEMBANGAN PERANGKAT PEMBELAJARAN MODEL PEMBELAJARAN KUMON DALAM MATA PELAJARAN SIMULASI DIGITAL PADA MATERI SIMULASI VISUAL DI KELAS X MM,0.9968822701995974,0.0015555867318701488,0.0015621430685324653,1
PENGEMBANGAN MEDIA PEMBELAJARAN BERBASIS VIRTUAL REALITY PADA MATERI SISTEM GERAK MANUSIA UNTUK SISWA SMP KELAS VIII,0.5090587030148752,0.0014685235467985578,0.4894727734383263,1
PENGEMBANGAN PERANGKAT MODEL PEMBELAJARAN KOOPERATIF METODE COURSE REVIEW HORAY  BERBASIS KAHOOT PADA MATERI PERAWATAN JARINGAN LOKAL (LAN),0.03185580667254332,0.001252663655992512,0.9668915296714642,2
PENGEMBANGAN TES DIAGNOSTIK TWO-TIER DALAM MENGIDENTIFIKASI MISKONSEPSI MATERI SISTEM KOMPUTER UNTUK SISWA SMK KELAS X TKJ,0.0016985721836302791,0.001688179095030656,0.996613248721339,2
"ANALISIS KESULITAN BELAJAR DITINJAU DARI KEPRIBADIAN SISWA XI TKJ PADA MATA PELAJARAN PRODUKTIF MATERI SUBNETTING DI SMK IFADAH BANGKALAN
",0.0016535379729924397,0.9966993785221239,0.0016470835048837443,0
ANALISIS KREATIVITAS BELAJAR SISWA KELAS XI JURUSAN MULTIMEDIA DITINJAU DARI HASIL BELAJAR MATERI ANIMASI 2D DAN 3D DI SMK NEGERI 1 KAMAL,0.6899157260649189,0.3086096503020625,0.0014746236330184625,1
Hubungan Kecerdasan Emosional dan Manajemen Diri dengan Hasil Belajar Siswa SMK Kelas X pada Materi Komunikasi Daring,0.0012352108711144274,0.9975302251443845,0.0012345639845010832,0
Pengembangan Perangkat Pembelajaran dengan Model Pembelajaran Science Technology Society (STS) pada Materi Antar Muka Sederhana (User Interface) Kelas X SMK Negeri 1 Kamal,0.9968556717329006,0.001568134473701521,0.0015761937933979084,1
PENGEMBANGAN PERANGKAT PEMBELAJARAN MODEL PEMBELAJARAN KOOPERATIF TEKNIK BERKIRIM SALAM DAN SOAL BERBANTUKAN FLASHCARD MATA PELAJARAN SISTEM KOMPUTER DI SMKN 2 BANGKALAN,0.9971827546483875,0.0014111352605927488,0.0014061100910198858,1
PENGEMBANGAN APLIKASI COMPUTER BASED TEST (CBT) BERBASIS WEB PADA MATA PELAJARAN KOMPUTERA DAN JARINGAN DASAR DI SMK AL HIKAM BANGKALAN,0.0019362357334324174,0.4320747477479239,0.5659890165186436,2
Pengembangan LKS Berbasis STEM Bermuatan Berpikir Kritis untuk Menumbuhkan Aktivitas Belajar pada Materi Instalasi Jaringan Lokal,0.9952575724900579,0.0023677156929255328,0.002374711817016672,1
PENGEMBANGAN APLIKASI STUDENT ASSISTANT BERBASIS ANDROID (HYBRID),0.0020602143089460383,0.0020925860665023297,0.9958471996245516,2
ANALISIS PEMECAHAN MASALAH KONVERSI BILANGAN BERDASARKAN TEORI POLYA DITINJAU DARI GAYA BELAJAR VAK SISWA,0.9954824301932175,0.0022523119263164046,0.0022652578804661697,1
"PENGEMBANGAN PERANGKAT MODEL PEMBELAJARAN KOOPERATIF
TIPE SCRAMBLE PADA MATA PELAJARAN SISTEM KOMPUTER KELAS X
TKJ DI SMKS AL-HIKAM ",0.9973104687509148,0.0013395435460026228,0.0013499877030825145,1
"Pengembangan Perangkat Model Pembelajaran Visual, Auditory, Kinestethic (VAK) Pada Materi Desain Jaringan Lokal (LAN) Kelas X TKJ di SMK Negeri 1 Labang",0.9974889413938348,0.0012605454954236193,0.001250513110741704,1
PENGEMBANGAN PERANGKAT MODEL PEMBELAJARAN LAPS-HEURISTIC MATA PELAJARAN ADMINISTRASI SISTEM JARINGAN KELAS XI SMKN 2 BANGKALAN,0.0489251084284203,0.9497420607172359,0.0013328308543436365,0
